tick,RTM,RTM45C,RTM45P,RTM46C,RTM46P,RTM47C,RTM47P,RTM48C,RTM48P,RTM49C,RTM49P,RTM50C,RTM50P,RTM51C,RTM51P,RTM52C,RTM52P,RTM53C,RTM53P,RTM54C,RTM54P
600,53.04,8.08,0.02,7.08,0.02,6.08,0.02,5.08,0.02,4.08,0.02,3.08,0.02,2.09,0.02,1.17,0.09,0.47,0.39,0.12,1.04
599,53.08,8.08,0.02,7.08,0.02,6.08,0.02,5.08,0.02,4.08,0.02,3.08,0.02,2.09,0.02,1.17,0.09,0.47,0.38,0.13,1.04
598,53.16,8.15,0.01,7.15,0.02,6.15,0.02,5.15,0.02,4.15,0.02,3.15,0.02,2.16,0.02,1.23,0.08,0.52,0.37,0.13,1.01
597,53.08,8.09,0.02,7.09,0.02,6.09,0.02,5.09,0.02,4.09,0.02,3.09,0.02,2.11,0.02,1.19,0.1,0.51,0.41,0.14,1.05
596,53.5,8.49,0.01,7.49,0.02,6.49,0.02,5.49,0.02,4.49,0.02,3.49,0.02,2.49,0.02,1.53,0.05,0.72,0.24,0.23,0.77
595,53.57,8.59,0.02,7.58,0.02,6.58,0.02,5.58,0.02,4.58,0.02,3.58,0.02,2.59,0.02,1.63,0.05,0.81,0.22,0.29,0.71
594,53.59,8.58,0.01,7.58,0.02,6.58,0.02,5.58,0.02,4.58,0.02,3.58,0.02,2.58,0.02,1.62,0.04,0.81,0.23,0.27,0.71
593,53.54,8.54,0.02,7.54,0.02,6.54,0.02,5.54,0.02,4.54,0.02,3.54,0.02,2.55,0.02,1.59,0.04,0.78,0.23,0.27,0.72
592,53.32,8.32,0.01,7.32,0.02,6.32,0.02,5.32,0.02,4.32,0.02,3.32,0.02,2.33,0.02,1.38,0.06,0.62,0.29,0.17,0.87
591,53.13,8.13,0.02,7.13,0.02,6.13,0.02,5.13,0.02,4.13,0.02,3.13,0.02,2.14,0.02,1.22,0.09,0.52,0.38,0.15,1.03
590,53.06,8.06,0.01,7.06,0.02,6.06,0.02,5.06,0.02,4.06,0.02,3.06,0.01,2.08,0.02,1.16,0.11,0.49,0.43,0.13,1.08
589,53.34,8.33,0.02,7.33,0.02,6.33,0.02,5.33,0.02,4.33,0.02,3.32,0.02,2.34,0.02,1.4,0.06,0.64,0.3,0.2,0.86
588,53.39,8.39,0.01,7.39,0.02,6.39,0.02,5.39,0.02,4.39,0.02,3.39,0.02,2.4,0.02,1.44,0.05,0.67,0.27,0.2,0.83
587,53.24,8.24,0.02,7.24,0.02,6.24,0.02,5.24,0.02,4.24,0.02,3.24,0.02,2.25,0.02,1.31,0.07,0.57,0.33,0.16,0.92
586,53.36,8.35,0.01,7.35,0.02,6.35,0.02,5.35,0.02,4.35,0.02,3.35,0.02,2.35,0.02,1.4,0.05,0.62,0.28,0.18,0.85
585,53.17,8.18,0.02,7.17,0.02,6.17,0.02,5.17,0.02,4.17,0.02,3.17,0.02,2.18,0.02,1.26,0.07,0.52,0.35,0.14,0.97
584,53.01,8.02,0.01,7.02,0.02,6.02,0.02,5.02,0.02,4.02,0.02,3.02,0.02,2.03,0.02,1.11,0.1,0.44,0.41,0.1,1.1
583,52.99,8.0,0.02,7.0,0.02,6.0,0.02,5.0,0.02,4.0,0.02,3.0,0.02,2.01,0.02,1.1,0.1,0.42,0.43,0.1,1.11
582,53.09,8.08,0.01,7.08,0.02,6.08,0.02,5.08,0.02,4.08,0.02,3.08,0.02,2.09,0.02,1.18,0.1,0.48,0.4,0.12,1.06
581,53.0,8.01,0.02,7.01,0.02,6.01,0.02,5.01,0.02,4.01,0.02,3.01,0.02,2.02,0.02,1.12,0.11,0.45,0.44,0.12,1.12
580,53.19,8.19,0.01,7.19,0.02,6.19,0.02,5.19,0.02,4.19,0.02,3.19,0.02,2.2,0.02,1.28,0.08,0.54,0.36,0.15,0.98
579,53.01,8.02,0.02,7.02,0.02,6.02,0.02,5.02,0.02,4.02,0.02,3.02,0.02,2.03,0.02,1.13,0.11,0.46,0.45,0.12,1.11
578,53.33,8.33,0.01,7.33,0.02,6.33,0.02,5.33,0.02,4.33,0.02,3.33,0.02,2.34,0.02,1.4,0.07,0.65,0.3,0.2,0.88
577,53.52,8.52,0.02,7.52,0.02,6.52,0.02,5.52,0.02,4.52,0.02,3.52,0.02,2.53,0.02,1.58,0.05,0.78,0.26,0.27,0.75
576,53.7,8.7,0.01,7.7,0.02,6.7,0.02,5.7,0.02,4.7,0.02,3.7,0.02,2.7,0.02,1.75,0.04,0.9,0.21,0.33,0.66
575,53.7,8.71,0.02,7.7,0.02,6.7,0.02,5.7,0.02,4.7,0.02,3.71,0.02,2.71,0.02,1.76,0.05,0.93,0.22,0.36,0.67
574,53.55,8.56,0.01,7.55,0.02,6.55,0.02,5.55,0.02,4.55,0.02,3.55,0.02,2.55,0.02,1.61,0.06,0.81,0.26,0.29,0.74
573,53.56,8.55,0.02,7.55,0.02,6.55,0.02,5.55,0.02,4.55,0.02,3.55,0.02,2.56,0.02,1.62,0.05,0.81,0.26,0.3,0.75
572,53.47,8.48,0.01,7.48,0.02,6.48,0.02,5.48,0.02,4.48,0.02,3.48,0.02,2.48,0.02,1.54,0.06,0.75,0.28,0.26,0.78
571,53.92,8.93,0.02,7.93,0.02,6.93,0.02,5.93,0.02,4.93,0.02,3.93,0.02,2.93,0.02,1.96,0.04,1.09,0.16,0.47,0.54
570,54.03,9.04,0.01,8.04,0.02,7.04,0.02,6.04,0.02,5.04,0.02,4.04,0.02,3.05,0.02,2.07,0.02,1.17,0.13,0.5,0.48
569,53.81,8.82,0.02,7.82,0.02,6.82,0.02,5.82,0.02,4.82,0.02,3.83,0.02,2.85,0.03,1.94,0.13,1.16,0.34,0.59,0.77
568,53.7,8.7,0.01,7.7,0.02,6.7,0.02,5.7,0.02,4.7,0.02,3.7,0.02,2.74,0.04,1.85,0.14,1.09,0.39,0.54,0.84
567,53.74,8.73,0.02,7.73,0.02,6.73,0.02,5.73,0.02,4.73,0.02,3.74,0.02,2.77,0.04,1.87,0.15,1.12,0.38,0.57,0.84
566,53.87,8.87,0.01,7.87,0.02,6.87,0.02,5.87,0.02,4.88,0.02,3.88,0.02,2.91,0.03,1.99,0.12,1.21,0.34,0.63,0.77
565,53.79,8.78,0.02,7.78,0.02,6.78,0.02,5.78,0.02,4.78,0.02,3.79,0.02,2.81,0.03,1.91,0.13,1.14,0.36,0.58,0.8
564,53.96,8.95,0.01,7.95,0.02,6.95,0.02,5.95,0.02,4.95,0.02,3.96,0.02,2.97,0.02,2.06,0.1,1.25,0.3,0.64,0.69
563,53.5,8.51,0.02,7.5,0.02,6.5,0.02,5.5,0.02,4.5,0.02,3.51,0.02,2.54,0.04,1.66,0.17,0.94,0.44,0.44,0.94
562,53.67,8.66,0.01,7.66,0.02,6.66,0.02,5.66,0.02,4.66,0.02,3.67,0.02,2.69,0.03,1.78,0.12,1.03,0.37,0.48,0.85
561,53.51,8.51,0.02,7.51,0.02,6.51,0.02,5.51,0.02,4.51,0.02,3.52,0.02,2.55,0.04,1.66,0.15,0.92,0.41,0.43,0.9
560,53.69,8.69,0.01,7.69,0.02,6.69,0.02,5.69,0.02,4.69,0.02,3.7,0.02,2.72,0.03,1.82,0.12,1.06,0.36,0.51,0.81
559,53.54,8.54,0.02,7.54,0.02,6.54,0.02,5.54,0.02,4.54,0.02,3.54,0.02,2.57,0.04,1.68,0.15,0.93,0.41,0.44,0.9
558,53.44,8.43,0.01,7.43,0.02,6.43,0.02,5.43,0.02,4.43,0.02,3.44,0.02,2.47,0.04,1.58,0.15,0.86,0.43,0.37,0.96
557,53.57,8.58,0.02,7.58,0.02,6.58,0.02,5.58,0.02,4.58,0.02,3.58,0.02,2.61,0.03,1.71,0.12,0.95,0.37,0.44,0.86
556,53.8,8.81,0.01,7.81,0.02,6.81,0.02,5.81,0.02,4.81,0.02,3.81,0.02,2.83,0.02,1.9,0.09,1.11,0.3,0.53,0.74
555,53.61,8.6,0.02,7.6,0.02,6.6,0.02,5.6,0.02,4.6,0.02,3.61,0.02,2.63,0.03,1.74,0.13,0.99,0.39,0.47,0.87
554,53.45,8.45,0.01,7.45,0.02,6.45,0.02,5.45,0.02,4.45,0.02,3.46,0.02,2.49,0.04,1.61,0.17,0.89,0.45,0.4,0.98
553,53.45,8.45,0.02,7.44,0.02,6.44,0.02,5.44,0.02,4.45,0.02,3.45,0.02,2.49,0.04,1.6,0.16,0.89,0.45,0.41,0.97
552,53.57,8.57,0.01,7.57,0.02,6.57,0.02,5.57,0.02,4.57,0.02,3.57,0.02,2.61,0.04,1.72,0.15,0.98,0.41,0.46,0.89
551,53.13,8.13,0.02,7.13,0.02,6.13,0.02,5.13,0.02,4.13,0.02,3.15,0.02,2.2,0.06,1.35,0.22,0.71,0.57,0.3,1.17
550,52.95,7.95,0.01,6.95,0.02,5.95,0.02,4.95,0.02,3.95,0.02,2.97,0.02,2.03,0.08,1.22,0.27,0.61,0.66,0.24,1.31
549,52.97,7.96,0.02,6.96,0.02,5.96,0.02,4.96,0.02,3.96,0.02,2.98,0.02,2.04,0.08,1.23,0.27,0.63,0.67,0.26,1.3
548,53.03,8.02,0.01,7.02,0.02,6.02,0.02,5.02,0.02,4.03,0.02,3.04,0.02,2.1,0.07,1.27,0.25,0.65,0.62,0.26,1.25
547,53.33,8.32,0.02,7.32,0.02,6.32,0.02,5.32,0.02,4.32,0.02,3.32,0.02,2.36,0.04,1.48,0.17,0.79,0.47,0.34,1.03
546,52.95,7.96,0.01,6.96,0.02,5.96,0.02,4.96,0.02,3.96,0.02,2.97,0.02,2.02,0.07,1.2,0.24,0.58,0.63,0.22,1.28
545,52.83,7.83,0.02,6.83,0.02,5.83,0.02,4.83,0.02,3.83,0.02,2.85,0.02,1.91,0.08,1.1,0.27,0.52,0.69,0.19,1.36
544,52.77,7.77,0.01,6.77,0.02,5.77,0.02,4.77,0.02,3.77,0.02,2.78,0.02,1.85,0.09,1.06,0.29,0.5,0.73,0.17,1.43
543,53.01,8.0,0.02,7.0,0.02,6.0,0.02,5.0,0.02,4.0,0.02,3.01,0.02,2.06,0.06,1.23,0.23,0.61,0.6,0.24,1.23
542,53.18,8.18,0.01,7.18,0.02,6.18,0.02,5.18,0.02,4.18,0.02,3.19,0.02,2.23,0.04,1.36,0.18,0.7,0.51,0.27,1.11
541,53.11,8.11,0.02,7.11,0.02,6.11,0.02,5.11,0.02,4.11,0.02,3.11,0.02,2.15,0.05,1.3,0.19,0.65,0.54,0.25,1.15
540,53.11,8.11,0.01,7.11,0.02,6.11,0.02,5.11,0.02,4.11,0.02,3.12,0.02,2.16,0.05,1.31,0.2,0.66,0.55,0.25,1.17
539,52.91,7.91,0.02,6.91,0.02,5.91,0.02,4.91,0.02,3.92,0.02,2.95,0.04,2.05,0.14,1.28,0.37,0.7,0.79,0.33,1.42
538,52.96,7.95,0.01,6.95,0.02,5.95,0.02,4.95,0.02,3.96,0.02,2.98,0.03,2.07,0.12,1.28,0.34,0.69,0.75,0.31,1.38
537,52.9,7.89,0.02,6.89,0.02,5.89,0.02,4.89,0.02,3.9,0.02,2.93,0.04,2.03,0.14,1.26,0.37,0.68,0.79,0.32,1.43
536,53.33,8.32,0.01,7.32,0.02,6.32,0.02,5.32,0.02,4.33,0.02,3.35,0.02,2.41,0.09,1.58,0.26,0.92,0.59,0.45,1.15
535,53.43,8.44,0.02,7.44,0.02,6.44,0.02,5.44,0.02,4.44,0.02,3.45,0.02,2.5,0.07,1.65,0.22,0.96,0.52,0.48,1.03
534,53.74,8.73,0.01,7.73,0.02,6.73,0.02,5.73,0.02,4.73,0.02,3.74,0.02,2.78,0.05,1.89,0.16,1.14,0.41,0.59,0.88
533,53.79,8.8,0.02,7.8,0.02,6.8,0.02,5.8,0.02,4.8,0.02,3.81,0.02,2.84,0.04,1.96,0.15,1.19,0.39,0.64,0.83
532,53.73,8.74,0.01,7.74,0.02,6.74,0.02,5.74,0.02,4.74,0.02,3.75,0.02,2.79,0.05,1.9,0.16,1.16,0.42,0.6,0.87
531,53.74,8.74,0.02,7.73,0.02,6.73,0.02,5.73,0.02,4.73,0.02,3.74,0.02,2.78,0.05,1.9,0.16,1.14,0.41,0.6,0.86
530,53.79,8.79,0.03,7.79,0.02,6.79,0.02,5.79,0.02,4.79,0.02,3.8,0.02,2.84,0.05,1.95,0.16,1.2,0.4,0.63,0.84
529,53.69,8.71,0.02,7.7,0.02,6.7,0.02,5.7,0.02,4.7,0.02,3.71,0.02,2.75,0.05,1.87,0.18,1.13,0.44,0.6,0.9
528,53.65,8.65,0.01,7.65,0.02,6.65,0.02,5.65,0.02,4.65,0.02,3.67,0.02,2.71,0.06,1.84,0.18,1.11,0.46,0.57,0.94
527,53.59,8.59,0.02,7.59,0.02,6.59,0.02,5.59,0.02,4.59,0.02,3.61,0.02,2.66,0.07,1.79,0.21,1.08,0.49,0.57,0.97
526,53.66,8.65,0.01,7.65,0.02,6.65,0.02,5.65,0.02,4.65,0.02,3.66,0.02,2.71,0.06,1.84,0.19,1.12,0.47,0.59,0.96
525,53.57,8.56,0.03,7.56,0.02,6.56,0.02,5.56,0.02,4.56,0.02,3.57,0.02,2.61,0.06,1.74,0.19,1.03,0.47,0.52,0.97
524,53.53,8.53,0.01,7.53,0.02,6.53,0.02,5.53,0.02,4.53,0.02,3.54,0.02,2.59,0.06,1.72,0.2,1.02,0.49,0.51,1.0
523,53.39,8.4,0.03,7.39,0.02,6.39,0.02,5.39,0.02,4.39,0.02,3.41,0.02,2.46,0.07,1.61,0.22,0.92,0.53,0.45,1.06
522,53.45,8.45,0.03,7.45,0.02,6.45,0.02,5.45,0.02,4.45,0.02,3.46,0.02,2.51,0.06,1.64,0.19,0.94,0.48,0.45,1.02
521,53.55,8.55,0.03,7.55,0.02,6.55,0.02,5.55,0.02,4.55,0.02,3.56,0.02,2.61,0.06,1.73,0.18,1.01,0.47,0.51,0.96
520,53.49,8.48,0.01,7.48,0.02,6.48,0.02,5.48,0.02,4.48,0.02,3.5,0.02,2.54,0.06,1.67,0.19,0.97,0.49,0.47,1.01
519,53.57,8.58,0.03,7.58,0.02,6.58,0.02,5.58,0.02,4.59,0.02,3.6,0.02,2.64,0.05,1.76,0.18,1.04,0.46,0.53,0.93
518,53.19,8.18,0.03,7.18,0.02,6.18,0.02,5.18,0.02,4.19,0.02,3.2,0.02,2.27,0.08,1.44,0.25,0.79,0.61,0.36,1.2
517,53.3,8.29,0.02,7.29,0.02,6.29,0.02,5.29,0.02,4.29,0.02,3.3,0.02,2.35,0.07,1.51,0.22,0.84,0.56,0.4,1.11
516,53.24,8.23,0.01,7.23,0.02,6.23,0.02,5.23,0.02,4.24,0.02,3.25,0.02,2.3,0.07,1.46,0.23,0.8,0.56,0.36,1.14
515,53.47,8.47,0.01,7.47,0.02,6.47,0.02,5.47,0.02,4.47,0.02,3.48,0.02,2.52,0.06,1.65,0.19,0.95,0.48,0.46,1.0
514,53.17,8.16,0.01,7.16,0.02,6.16,0.02,5.16,0.02,4.16,0.02,3.18,0.02,2.24,0.08,1.41,0.25,0.77,0.61,0.34,1.2
513,53.27,8.27,0.02,7.26,0.02,6.26,0.02,5.26,0.02,4.26,0.02,3.27,0.02,2.33,0.07,1.49,0.22,0.81,0.55,0.37,1.12
512,53.32,8.33,0.01,7.33,0.02,6.33,0.02,5.33,0.02,4.33,0.02,3.33,0.02,2.38,0.05,1.51,0.18,0.82,0.5,0.36,1.05
511,53.11,8.11,0.02,7.1,0.02,6.1,0.02,5.1,0.02,4.1,0.02,3.12,0.02,2.18,0.08,1.36,0.26,0.73,0.63,0.33,1.23
510,53.03,8.02,0.01,7.02,0.02,6.02,0.02,5.02,0.02,4.03,0.02,3.04,0.02,2.11,0.08,1.29,0.27,0.67,0.65,0.28,1.28
509,52.99,8.0,0.02,7.0,0.02,6.0,0.02,5.01,0.02,4.02,0.02,3.05,0.05,2.16,0.15,1.39,0.38,0.79,0.79,0.4,1.39
508,53.0,7.99,0.01,6.99,0.02,5.99,0.02,4.99,0.02,4.0,0.02,3.04,0.06,2.15,0.17,1.39,0.4,0.8,0.81,0.4,1.43
507,52.89,7.88,0.02,6.88,0.02,5.88,0.02,4.88,0.02,3.9,0.02,2.95,0.07,2.07,0.19,1.33,0.45,0.76,0.88,0.39,1.51
506,52.99,7.98,0.01,6.98,0.02,5.98,0.02,4.98,0.02,4.0,0.02,3.04,0.07,2.16,0.18,1.41,0.43,0.83,0.85,0.42,1.46
505,53.07,8.08,0.02,7.08,0.02,6.08,0.02,5.09,0.02,4.1,0.02,3.15,0.06,2.26,0.18,1.49,0.41,0.89,0.81,0.48,1.39
504,53.0,7.99,0.01,6.99,0.02,5.99,0.02,5.0,0.02,4.01,0.02,3.07,0.07,2.19,0.2,1.44,0.45,0.86,0.86,0.45,1.47
503,52.8,7.81,0.02,6.81,0.02,5.81,0.02,4.81,0.02,3.83,0.03,2.9,0.09,2.04,0.23,1.32,0.51,0.77,0.96,0.4,1.59
502,52.67,7.68,0.01,6.68,0.02,5.68,0.02,4.69,0.02,3.71,0.03,2.77,0.09,1.92,0.24,1.21,0.53,0.68,1.0,0.33,1.67
501,52.56,7.58,0.02,6.57,0.02,5.58,0.02,4.58,0.02,3.61,0.04,2.68,0.11,1.85,0.28,1.17,0.59,0.66,1.09,0.33,1.76
500,52.7,7.69,0.01,6.69,0.02,5.7,0.02,4.7,0.02,3.73,0.04,2.8,0.11,1.97,0.27,1.27,0.57,0.74,1.05,0.38,1.7
499,52.96,7.97,0.02,6.97,0.02,5.97,0.02,4.97,0.02,3.99,0.03,3.05,0.08,2.18,0.22,1.44,0.48,0.87,0.9,0.47,1.5
498,52.93,7.92,0.01,6.92,0.02,5.92,0.02,4.93,0.02,3.95,0.03,3.01,0.08,2.14,0.22,1.41,0.49,0.84,0.92,0.44,1.54
497,52.88,7.87,0.02,6.87,0.02,5.87,0.02,4.88,0.02,3.9,0.03,2.95,0.08,2.09,0.22,1.36,0.49,0.8,0.93,0.42,1.55
496,52.65,7.64,0.01,6.64,0.02,5.64,0.02,4.65,0.02,3.68,0.04,2.76,0.12,1.93,0.3,1.25,0.61,0.73,1.09,0.37,1.76
495,52.6,7.61,0.02,6.61,0.02,5.61,0.02,4.62,0.02,3.65,0.05,2.74,0.13,1.91,0.31,1.23,0.63,0.72,1.12,0.38,1.78
494,52.67,7.68,0.01,6.68,0.02,5.68,0.02,4.69,0.02,3.72,0.04,2.79,0.11,1.96,0.28,1.27,0.58,0.74,1.06,0.38,1.72
493,52.92,7.91,0.02,6.91,0.02,5.91,0.02,4.91,0.02,3.94,0.03,3.0,0.09,2.14,0.23,1.41,0.5,0.85,0.94,0.46,1.55
492,53.16,8.15,0.01,7.15,0.02,6.15,0.02,5.16,0.02,4.18,0.03,3.24,0.08,2.37,0.21,1.61,0.46,1.01,0.86,0.57,1.43
491,52.95,7.94,0.02,6.94,0.02,5.94,0.02,4.95,0.02,3.97,0.03,3.03,0.09,2.17,0.23,1.43,0.5,0.87,0.93,0.47,1.53
490,52.81,7.8,0.01,6.8,0.02,5.8,0.02,4.81,0.02,3.84,0.04,2.91,0.11,2.07,0.27,1.36,0.56,0.82,1.02,0.43,1.65
489,52.59,7.6,0.02,6.6,0.02,5.61,0.02,4.62,0.02,3.66,0.05,2.75,0.15,1.94,0.34,1.26,0.66,0.76,1.15,0.41,1.81
488,52.47,7.48,0.01,6.49,0.02,5.49,0.02,4.51,0.02,3.55,0.07,2.66,0.18,1.87,0.39,1.22,0.74,0.74,1.25,0.39,1.93
487,52.43,7.45,0.02,6.45,0.02,5.45,0.02,4.47,0.02,3.52,0.07,2.63,0.19,1.85,0.4,1.2,0.76,0.72,1.28,0.39,1.95
486,52.24,7.25,0.01,6.25,0.02,5.26,0.02,4.28,0.03,3.34,0.09,2.47,0.22,1.71,0.46,1.1,0.85,0.65,1.4,0.34,2.11
485,52.24,7.25,0.02,6.25,0.02,5.26,0.02,4.28,0.03,3.34,0.09,2.47,0.22,1.72,0.47,1.1,0.85,0.65,1.4,0.35,2.1
484,52.08,7.09,0.01,6.09,0.02,5.1,0.02,4.13,0.04,3.2,0.11,2.35,0.26,1.61,0.52,1.03,0.94,0.6,1.51,0.31,2.24
483,52.27,7.28,0.03,6.28,0.02,5.29,0.02,4.31,0.03,3.36,0.08,2.48,0.2,1.71,0.43,1.09,0.8,0.63,1.35,0.34,2.05
482,52.17,7.18,0.01,6.18,0.02,5.19,0.02,4.21,0.03,3.27,0.07,2.41,0.23,1.66,0.48,1.06,0.88,0.62,1.44,0.32,2.16
481,52.13,7.13,0.03,6.13,0.02,5.14,0.02,4.17,0.03,3.23,0.07,2.37,0.24,1.62,0.49,1.03,0.89,0.6,1.47,0.32,2.19
480,51.74,6.74,0.03,5.74,0.02,4.76,0.04,3.8,0.06,2.89,0.11,2.07,0.33,1.38,0.64,0.85,1.11,0.48,1.74,0.24,2.52
479,51.91,6.92,0.02,5.93,0.02,4.95,0.05,3.99,0.07,3.09,0.13,2.28,0.36,1.59,0.67,1.04,1.11,0.63,1.71,0.35,2.43
478,52.01,7.0,0.01,6.01,0.02,5.03,0.05,4.07,0.07,3.16,0.12,2.34,0.34,1.63,0.63,1.07,1.06,0.65,1.65,0.36,2.38
477,51.88,6.87,0.02,5.87,0.02,4.89,0.05,3.94,0.07,3.04,0.12,2.22,0.36,1.53,0.66,0.98,1.12,0.59,1.72,0.33,2.46
476,51.69,6.71,0.01,5.71,0.02,4.73,0.06,3.79,0.09,2.9,0.15,2.11,0.41,1.44,0.74,0.92,1.22,0.55,1.85,0.29,2.61
475,51.93,6.94,0.01,5.95,0.02,4.96,0.05,4.01,0.06,3.1,0.11,2.28,0.33,1.57,0.63,1.02,1.07,0.61,1.67,0.34,2.4
474,52.17,7.18,0.01,6.17,0.02,5.18,0.04,4.22,0.05,3.3,0.09,2.45,0.29,1.72,0.56,1.13,0.97,0.69,1.53,0.38,2.24
473,52.18,7.19,0.01,6.18,0.02,5.19,0.04,4.22,0.05,3.3,0.09,2.45,0.28,1.72,0.54,1.11,0.95,0.68,1.51,0.38,2.22
472,52.13,7.13,0.03,6.14,0.02,5.15,0.04,4.18,0.05,3.27,0.1,2.42,0.29,1.7,0.57,1.11,0.97,0.68,1.55,0.38,2.25
471,52.15,7.16,0.03,6.16,0.02,5.17,0.04,4.21,0.05,3.29,0.09,2.44,0.29,1.71,0.56,1.11,0.97,0.69,1.53,0.38,2.23
470,52.18,7.17,0.03,6.18,0.02,5.19,0.04,4.23,0.05,3.31,0.09,2.46,0.29,1.73,0.56,1.14,0.96,0.7,1.53,0.4,2.22
469,52.12,7.12,0.03,6.12,0.02,5.13,0.05,4.17,0.06,3.26,0.11,2.43,0.32,1.71,0.6,1.13,1.01,0.7,1.58,0.39,2.3
468,51.84,6.84,0.03,5.85,0.02,4.87,0.06,3.92,0.08,3.02,0.14,2.22,0.38,1.53,0.69,0.98,1.14,0.6,1.76,0.33,2.49
467,52.02,7.02,0.03,6.03,0.02,5.04,0.04,4.08,0.05,3.16,0.1,2.33,0.3,1.61,0.59,1.03,1.01,0.62,1.6,0.34,2.33
466,52.01,7.03,0.01,6.03,0.02,5.04,0.04,4.08,0.06,3.16,0.1,2.33,0.31,1.62,0.59,1.04,1.02,0.63,1.6,0.35,2.32
465,51.95,6.96,0.01,5.97,0.02,4.98,0.04,4.02,0.06,3.11,0.11,2.28,0.32,1.57,0.61,1.0,1.05,0.6,1.64,0.32,2.38
464,51.79,6.79,0.03,5.8,0.02,4.81,0.05,3.86,0.07,2.96,0.12,2.14,0.35,1.46,0.67,0.91,1.13,0.54,1.75,0.29,2.5
463,52.03,7.04,0.03,6.04,0.02,5.05,0.04,4.09,0.05,3.17,0.1,2.33,0.3,1.62,0.58,1.04,1.0,0.62,1.59,0.34,2.31
462,51.99,7.0,0.01,6.0,0.02,5.01,0.05,4.06,0.07,3.15,0.12,2.33,0.34,1.63,0.64,1.06,1.07,0.64,1.66,0.36,2.38
461,52.3,7.31,0.02,6.32,0.02,5.33,0.04,4.37,0.06,3.45,0.1,2.6,0.29,1.86,0.55,1.24,0.93,0.79,1.48,0.46,2.15
460,52.29,7.3,0.01,6.3,0.02,5.31,0.04,4.34,0.05,3.42,0.1,2.58,0.29,1.84,0.55,1.22,0.94,0.77,1.47,0.44,2.17
459,52.35,7.35,0.02,6.36,0.02,5.37,0.04,4.4,0.05,3.47,0.08,2.62,0.26,1.86,0.51,1.24,0.89,0.78,1.43,0.45,2.1
458,52.52,7.53,0.01,6.52,0.02,5.53,0.03,4.56,0.03,3.62,0.06,2.74,0.22,1.96,0.44,1.32,0.79,0.82,1.29,0.47,1.97
457,52.86,7.86,0.02,6.86,0.02,5.86,0.02,4.88,0.02,3.92,0.04,3.02,0.17,2.21,0.35,1.52,0.66,0.96,1.12,0.58,1.72
456,53.07,8.08,0.01,7.07,0.02,6.08,0.02,5.09,0.02,4.13,0.04,3.21,0.14,2.38,0.31,1.66,0.59,1.08,1.0,0.65,1.6
455,53.21,8.21,0.02,7.21,0.02,6.22,0.02,5.23,0.02,4.26,0.03,3.34,0.13,2.5,0.29,1.76,0.55,1.17,0.95,0.72,1.51
454,53.42,8.43,0.01,7.42,0.02,6.42,0.02,5.43,0.02,4.46,0.03,3.53,0.11,2.67,0.25,1.91,0.49,1.29,0.86,0.8,1.4
453,53.16,8.17,0.02,7.17,0.02,6.17,0.02,5.18,0.02,4.21,0.03,3.29,0.13,2.44,0.28,1.71,0.55,1.12,0.95,0.68,1.51
452,53.14,8.15,0.01,7.14,0.02,6.15,0.02,5.16,0.02,4.19,0.03,3.27,0.12,2.42,0.28,1.69,0.54,1.1,0.95,0.65,1.52
451,52.97,7.97,0.02,6.97,0.02,5.98,0.02,4.99,0.02,4.02,0.05,3.11,0.13,2.27,0.3,1.56,0.59,0.99,1.01,0.58,1.6
450,52.95,7.96,0.01,6.95,0.02,5.95,0.02,4.97,0.02,4.0,0.05,3.07,0.12,2.23,0.28,1.52,0.57,0.94,1.0,0.54,1.61
449,53.01,8.01,0.02,7.01,0.02,6.01,0.02,5.02,0.02,4.04,0.03,3.11,0.09,2.25,0.23,1.51,0.5,0.94,0.92,0.52,1.51
448,53.09,8.1,0.01,7.09,0.02,6.09,0.02,5.1,0.02,4.12,0.03,3.19,0.1,2.33,0.24,1.59,0.5,0.99,0.91,0.56,1.49
447,52.9,7.9,0.02,6.9,0.02,5.91,0.02,4.92,0.02,3.95,0.05,3.03,0.13,2.2,0.3,1.49,0.59,0.93,1.04,0.54,1.64
446,53.12,8.13,0.01,7.12,0.02,6.13,0.02,5.13,0.02,4.16,0.04,3.23,0.1,2.37,0.24,1.63,0.5,1.03,0.91,0.59,1.49
445,52.93,7.93,0.01,6.93,0.02,5.93,0.02,4.94,0.02,3.97,0.04,3.04,0.12,2.2,0.27,1.48,0.55,0.92,0.99,0.51,1.61
444,52.93,7.93,0.02,6.93,0.02,5.93,0.02,4.94,0.02,3.96,0.04,3.03,0.11,2.18,0.26,1.46,0.54,0.9,0.97,0.5,1.58
443,52.97,7.98,0.01,6.97,0.02,5.97,0.02,4.98,0.02,4.0,0.04,3.07,0.1,2.22,0.25,1.49,0.53,0.92,0.96,0.51,1.56
442,52.78,7.77,0.02,6.77,0.02,5.77,0.02,4.78,0.02,3.82,0.05,2.9,0.14,2.08,0.31,1.39,0.62,0.85,1.09,0.48,1.71
441,52.91,7.91,0.01,6.9,0.02,5.9,0.02,4.91,0.02,3.94,0.05,3.02,0.12,2.18,0.29,1.47,0.57,0.92,1.02,0.51,1.63
440,53.16,8.15,0.02,7.15,0.02,6.15,0.02,5.16,0.02,4.18,0.03,3.24,0.09,2.38,0.23,1.63,0.48,1.03,0.88,0.6,1.45
439,53.23,8.22,0.02,7.22,0.02,6.22,0.02,5.23,0.02,4.24,0.03,3.3,0.08,2.42,0.2,1.64,0.43,1.04,0.82,0.59,1.39
438,53.38,8.38,0.02,7.37,0.02,6.37,0.02,5.37,0.02,4.39,0.02,3.43,0.06,2.54,0.17,1.74,0.38,1.1,0.73,0.64,1.27
437,53.54,8.53,0.02,7.53,0.02,6.53,0.02,5.53,0.02,4.54,0.02,3.58,0.06,2.68,0.15,1.87,0.35,1.21,0.69,0.72,1.19
436,53.61,8.62,0.01,7.61,0.02,6.61,0.02,5.62,0.02,4.63,0.02,3.66,0.04,2.74,0.13,1.91,0.3,1.23,0.62,0.73,1.12
435,53.83,8.83,0.02,7.83,0.02,6.83,0.02,5.83,0.02,4.84,0.02,3.87,0.04,2.94,0.11,2.09,0.26,1.38,0.55,0.84,1.01
434,53.87,8.87,0.01,7.86,0.02,6.86,0.02,5.87,0.02,4.87,0.02,3.89,0.03,2.96,0.09,2.09,0.24,1.38,0.52,0.81,0.96
433,53.89,8.89,0.02,7.89,0.02,6.89,0.02,5.89,0.02,4.9,0.02,3.92,0.03,2.98,0.09,2.12,0.24,1.4,0.51,0.85,0.95
432,53.99,8.99,0.02,7.99,0.02,6.99,0.02,5.99,0.02,5.0,0.02,4.02,0.02,3.07,0.08,2.19,0.21,1.46,0.47,0.89,0.89
431,53.89,8.88,0.02,7.88,0.02,6.88,0.02,5.88,0.02,4.89,0.02,3.91,0.03,2.97,0.09,2.11,0.23,1.38,0.5,0.83,0.94
430,53.77,8.78,0.01,7.77,0.02,6.77,0.02,5.77,0.02,4.78,0.02,3.8,0.03,2.87,0.1,2.01,0.25,1.31,0.53,0.76,1.01
429,53.92,8.92,0.02,7.92,0.02,6.92,0.02,5.92,0.02,4.93,0.02,3.95,0.03,3.01,0.09,2.15,0.24,1.43,0.51,0.87,0.95
428,53.87,8.88,0.01,7.87,0.02,6.87,0.02,5.87,0.02,4.88,0.02,3.9,0.03,2.96,0.09,2.09,0.23,1.38,0.49,0.82,0.95
427,54.16,9.16,0.02,8.16,0.02,7.16,0.02,6.16,0.02,5.16,0.02,4.17,0.02,3.22,0.06,2.32,0.17,1.55,0.4,0.94,0.79
426,54.29,9.29,0.02,8.29,0.02,7.29,0.02,6.29,0.02,5.3,0.02,4.31,0.02,3.35,0.05,2.44,0.15,1.65,0.36,1.02,0.72
425,54.15,9.15,0.02,8.15,0.02,7.15,0.02,6.15,0.02,5.16,0.02,4.17,0.02,3.22,0.06,2.32,0.18,1.56,0.4,0.95,0.8
424,54.17,9.17,0.02,8.17,0.02,7.17,0.02,6.17,0.02,5.17,0.02,4.18,0.02,3.23,0.06,2.33,0.16,1.55,0.38,0.94,0.77
423,54.32,9.32,0.02,8.32,0.02,7.32,0.02,6.32,0.02,5.32,0.02,4.33,0.02,3.36,0.04,2.45,0.13,1.65,0.33,1.0,0.68
422,54.31,9.31,0.02,8.31,0.02,7.31,0.02,6.31,0.02,5.31,0.02,4.32,0.02,3.35,0.04,2.36,0.13,1.63,0.32,0.99,0.68
421,54.27,9.27,0.02,8.27,0.02,7.27,0.02,6.27,0.02,5.27,0.02,4.27,0.02,3.3,0.03,2.31,0.11,1.56,0.29,0.91,0.65
420,54.08,9.08,0.02,8.08,0.02,7.08,0.02,6.08,0.02,5.08,0.02,4.09,0.02,3.13,0.05,2.13,0.14,1.44,0.36,0.85,0.76
419,53.83,8.83,0.02,7.83,0.02,6.83,0.02,5.84,0.02,4.84,0.02,3.86,0.03,2.92,0.09,1.93,0.23,1.33,0.51,0.79,0.97
418,53.89,8.9,0.01,7.89,0.02,6.89,0.02,5.9,0.02,4.9,0.02,3.93,0.04,3.0,0.1,2.02,0.25,1.42,0.53,0.87,0.97
417,53.99,8.99,0.02,7.99,0.02,6.99,0.02,6.0,0.02,5.0,0.02,4.02,0.03,3.09,0.09,2.1,0.23,1.49,0.5,0.93,0.92
416,54.14,9.14,0.02,8.14,0.02,7.14,0.02,6.15,0.02,5.15,0.02,4.17,0.03,3.23,0.09,2.23,0.21,1.59,0.45,1.0,0.86
415,54.02,9.02,0.02,8.02,0.02,7.02,0.02,6.03,0.02,5.03,0.02,4.05,0.03,3.11,0.09,2.12,0.22,1.5,0.48,0.92,0.9
414,54.27,9.27,0.02,8.27,0.02,7.27,0.02,6.28,0.02,5.28,0.02,4.29,0.02,3.33,0.06,2.34,0.16,1.65,0.38,1.02,0.75
413,54.46,9.46,0.02,8.46,0.02,7.46,0.02,6.47,0.02,5.47,0.02,4.48,0.02,3.51,0.05,2.51,0.14,1.79,0.33,1.13,0.67
412,54.44,9.44,0.02,8.44,0.02,7.44,0.02,6.44,0.02,5.44,0.02,4.45,0.02,3.48,0.05,2.49,0.13,1.76,0.33,1.1,0.67
411,54.39,9.39,0.02,8.39,0.02,7.39,0.02,6.39,0.02,5.39,0.02,4.4,0.02,3.44,0.05,2.45,0.14,1.73,0.34,1.08,0.69
410,54.18,9.18,0.02,8.18,0.02,7.18,0.02,6.18,0.02,5.18,0.02,4.2,0.02,3.24,0.06,2.25,0.17,1.57,0.39,0.96,0.78
409,54.24,9.25,0.02,8.25,0.02,7.25,0.02,6.25,0.02,5.25,0.02,4.27,0.02,3.32,0.07,2.33,0.18,1.64,0.4,1.03,0.78
408,54.0,9.01,0.02,8.01,0.02,7.01,0.02,6.02,0.02,5.02,0.02,4.04,0.03,3.1,0.09,2.12,0.22,1.5,0.48,0.91,0.9
407,54.18,9.19,0.01,8.18,0.02,7.18,0.02,6.18,0.02,5.18,0.02,4.2,0.02,3.25,0.07,2.26,0.19,1.6,0.42,0.98,0.81
406,53.93,8.94,0.02,7.94,0.02,6.94,0.02,5.94,0.02,4.95,0.02,3.96,0.02,3.02,0.08,2.03,0.21,1.4,0.46,0.83,0.89
405,53.79,8.81,0.01,7.8,0.02,6.8,0.02,5.8,0.02,4.8,0.02,3.82,0.02,2.87,0.08,1.89,0.2,1.28,0.48,0.72,0.93
404,53.77,8.77,0.02,7.77,0.02,6.77,0.02,5.77,0.02,4.77,0.02,3.79,0.02,2.85,0.08,1.87,0.21,1.27,0.5,0.72,0.96
403,53.93,8.93,0.02,7.93,0.02,6.93,0.02,5.94,0.02,4.94,0.02,3.95,0.02,3.0,0.07,2.02,0.19,1.38,0.45,0.81,0.87
402,53.88,8.89,0.01,7.88,0.02,6.88,0.02,5.88,0.02,4.88,0.02,3.9,0.02,2.94,0.06,1.96,0.17,1.32,0.44,0.75,0.87
401,53.83,8.83,0.02,7.83,0.02,6.83,0.02,5.83,0.02,4.83,0.02,3.85,0.02,2.89,0.06,1.9,0.18,1.27,0.44,0.72,0.88
400,54.01,9.01,0.02,8.01,0.02,7.01,0.02,6.01,0.02,5.01,0.02,4.02,0.02,3.05,0.04,2.06,0.13,1.36,0.35,0.75,0.75
399,54.01,9.01,0.02,8.01,0.02,7.01,0.02,6.01,0.02,5.02,0.02,4.03,0.02,3.06,0.05,2.07,0.14,1.4,0.38,0.8,0.79
398,53.74,8.75,0.01,7.74,0.02,6.74,0.02,5.74,0.02,4.74,0.02,3.75,0.02,2.79,0.05,1.8,0.17,1.17,0.43,0.61,0.89
397,53.36,8.36,0.02,7.36,0.02,6.36,0.02,5.36,0.02,4.36,0.02,3.38,0.02,2.44,0.09,1.47,0.25,0.94,0.58,0.46,1.12
396,53.24,8.26,0.01,7.25,0.02,6.25,0.02,5.26,0.02,4.26,0.02,3.29,0.03,2.36,0.11,1.4,0.3,0.91,0.66,0.46,1.22
395,53.08,8.09,0.02,7.09,0.02,6.09,0.02,5.1,0.02,4.1,0.02,3.13,0.03,2.21,0.12,1.26,0.32,0.8,0.71,0.38,1.3
394,53.01,8.03,0.01,7.02,0.02,6.02,0.02,5.02,0.02,4.02,0.02,3.05,0.03,2.13,0.11,1.18,0.32,0.73,0.72,0.33,1.32
393,52.95,7.94,0.02,6.94,0.02,5.94,0.02,4.94,0.02,3.95,0.02,2.98,0.04,2.07,0.13,1.12,0.35,0.7,0.76,0.32,1.39
392,52.84,7.85,0.01,6.84,0.02,5.84,0.02,4.84,0.02,3.85,0.02,2.88,0.04,1.98,0.14,1.03,0.38,0.66,0.81,0.29,1.46
391,52.64,7.64,0.02,6.64,0.02,5.64,0.02,4.64,0.02,3.65,0.02,2.69,0.05,1.81,0.17,1.08,0.44,0.55,0.92,0.23,1.61
390,52.68,7.69,0.01,6.68,0.02,5.68,0.02,4.68,0.02,3.69,0.02,2.73,0.05,1.84,0.16,1.1,0.42,0.57,0.89,0.25,1.56
389,52.59,7.59,0.02,6.59,0.02,5.59,0.02,4.59,0.02,3.6,0.02,2.63,0.04,1.75,0.16,1.02,0.43,0.51,0.91,0.2,1.61
388,52.56,7.57,0.01,6.56,0.02,5.56,0.02,4.57,0.02,3.58,0.02,2.63,0.07,1.76,0.2,1.06,0.5,0.55,0.99,0.24,1.68
387,52.48,7.48,0.02,6.48,0.02,5.48,0.02,4.49,0.02,3.5,0.02,2.56,0.07,1.7,0.22,1.01,0.53,0.52,1.05,0.23,1.75
386,52.45,7.46,0.02,6.45,0.02,5.45,0.02,4.45,0.02,3.47,0.02,2.53,0.08,1.68,0.23,1.0,0.54,0.51,1.06,0.22,1.77
385,52.61,7.61,0.02,6.61,0.02,5.61,0.02,4.61,0.02,3.62,0.02,2.66,0.06,1.79,0.18,1.07,0.46,0.56,0.95,0.24,1.63
384,52.54,7.55,0.01,6.54,0.02,5.54,0.02,4.54,0.02,3.56,0.02,2.62,0.08,1.77,0.23,1.08,0.53,0.57,1.04,0.26,1.72
383,52.55,7.54,0.02,6.54,0.02,5.54,0.02,4.54,0.02,3.56,0.02,2.62,0.08,1.77,0.23,1.07,0.53,0.58,1.03,0.26,1.73
382,52.45,7.46,0.01,6.45,0.02,5.45,0.02,4.45,0.02,3.47,0.03,2.54,0.09,1.7,0.26,1.03,0.58,0.54,1.11,0.25,1.8
381,52.35,7.35,0.02,6.35,0.02,5.35,0.02,4.36,0.02,3.38,0.03,2.45,0.1,1.63,0.28,0.97,0.62,0.51,1.15,0.23,1.88
380,52.61,7.62,0.02,6.61,0.02,5.61,0.02,4.61,0.02,3.63,0.02,2.69,0.08,1.83,0.22,1.12,0.52,0.61,1.0,0.29,1.68
379,52.54,7.54,0.02,6.54,0.02,5.54,0.02,4.54,0.02,3.56,0.02,2.61,0.07,1.76,0.22,1.05,0.51,0.56,1.02,0.24,1.71
378,52.58,7.59,0.01,6.58,0.02,5.58,0.02,4.59,0.02,3.61,0.03,2.67,0.09,1.83,0.25,1.12,0.54,0.62,1.04,0.29,1.73
377,52.39,7.39,0.02,6.39,0.02,5.39,0.02,4.4,0.02,3.43,0.04,2.51,0.12,1.69,0.3,1.02,0.63,0.56,1.17,0.28,1.88
376,52.4,7.41,0.01,6.4,0.02,5.4,0.02,4.41,0.02,3.43,0.03,2.51,0.11,1.69,0.29,1.02,0.62,0.55,1.15,0.25,1.86
375,52.29,7.29,0.02,6.29,0.02,5.29,0.02,4.3,0.02,3.32,0.03,2.4,0.11,1.59,0.3,0.94,0.64,0.49,1.2,0.23,1.93
374,52.38,7.39,0.01,6.38,0.02,5.38,0.02,4.39,0.02,3.41,0.03,2.49,0.1,1.66,0.28,0.99,0.62,0.53,1.15,0.23,1.86
373,52.45,7.45,0.02,6.45,0.02,5.45,0.02,4.45,0.02,3.48,0.03,2.55,0.1,1.71,0.27,1.03,0.58,0.56,1.1,0.26,1.81
372,52.53,7.54,0.02,6.53,0.02,5.53,0.02,4.54,0.02,3.56,0.03,2.63,0.1,1.78,0.26,1.11,0.58,0.61,1.08,0.31,1.77
371,52.62,7.62,0.02,6.62,0.02,5.62,0.02,4.63,0.02,3.65,0.02,2.71,0.08,1.85,0.23,1.14,0.51,0.62,1.01,0.3,1.68
370,52.37,7.38,0.01,6.37,0.02,5.37,0.02,4.38,0.02,3.41,0.04,2.48,0.11,1.66,0.29,1.01,0.64,0.54,1.17,0.24,1.89
369,52.45,7.45,0.02,6.45,0.02,5.45,0.02,4.46,0.02,3.48,0.03,2.55,0.1,1.71,0.26,1.04,0.58,0.55,1.1,0.26,1.8
368,52.29,7.31,0.01,6.3,0.02,5.3,0.02,4.31,0.02,3.33,0.03,2.4,0.1,1.58,0.28,0.93,0.63,0.48,1.17,0.2,1.91
367,52.07,7.07,0.02,6.07,0.02,5.07,0.02,4.08,0.02,3.1,0.03,2.17,0.1,1.37,0.29,0.75,0.67,0.35,1.27,0.13,2.06
366,51.94,6.96,0.01,5.95,0.02,4.95,0.02,3.96,0.02,2.98,0.03,2.06,0.11,1.27,0.32,0.68,0.73,0.3,1.35,0.1,2.16
365,52.06,7.07,0.02,6.07,0.02,5.07,0.02,4.07,0.02,3.09,0.02,2.15,0.09,1.34,0.27,0.72,0.65,0.32,1.25,0.12,2.05
364,51.99,7.0,0.01,5.99,0.02,4.99,0.02,4.0,0.02,3.02,0.03,2.1,0.1,1.3,0.3,0.69,0.7,0.31,1.32,0.11,2.12
363,51.73,6.74,0.02,5.74,0.02,4.74,0.02,3.75,0.02,2.78,0.04,1.87,0.13,1.12,0.38,0.57,0.83,0.24,1.5,0.08,2.34
362,51.78,6.8,0.01,5.79,0.02,4.79,0.02,3.8,0.02,2.83,0.03,1.92,0.13,1.15,0.36,0.59,0.8,0.25,1.46,0.09,2.3
361,51.66,6.66,0.02,5.66,0.02,4.66,0.02,3.67,0.02,2.69,0.03,1.79,0.13,1.03,0.37,0.51,0.85,0.2,1.54,0.06,2.4
360,51.51,6.52,0.01,5.51,0.02,4.51,0.02,3.52,0.02,2.56,0.05,1.69,0.17,0.97,0.46,0.48,0.96,0.19,1.68,0.06,2.55
359,51.42,6.41,0.02,5.41,0.02,4.41,0.03,3.43,0.02,2.49,0.07,1.64,0.23,0.95,0.54,0.48,1.07,0.21,1.8,0.07,2.66
358,51.43,6.43,0.01,5.42,0.02,4.42,0.03,3.44,0.02,2.5,0.08,1.65,0.23,0.97,0.55,0.49,1.07,0.21,1.79,0.07,2.67
357,51.7,6.7,0.02,5.7,0.02,4.7,0.03,3.72,0.02,2.76,0.05,1.88,0.17,1.14,0.44,0.61,0.9,0.27,1.57,0.11,2.4
356,51.86,6.87,0.01,5.86,0.02,4.86,0.02,3.87,0.02,2.91,0.05,2.02,0.16,1.26,0.4,0.69,0.83,0.33,1.47,0.12,2.28
355,51.79,6.79,0.02,5.79,0.02,4.79,0.03,3.8,0.02,2.85,0.05,1.96,0.17,1.22,0.42,0.67,0.87,0.31,1.52,0.12,2.33
354,51.76,6.77,0.01,5.76,0.02,4.76,0.02,3.77,0.02,2.8,0.04,1.9,0.14,1.14,0.38,0.59,0.84,0.26,1.5,0.08,2.33
353,51.83,6.84,0.02,5.84,0.02,4.84,0.02,3.84,0.02,2.87,0.03,1.96,0.12,1.18,0.34,0.61,0.78,0.26,1.43,0.09,2.26
352,51.85,6.87,0.01,5.86,0.02,4.86,0.02,3.87,0.02,2.89,0.02,1.97,0.1,1.18,0.31,0.6,0.75,0.25,1.39,0.08,2.22
351,51.59,6.6,0.02,5.6,0.02,4.6,0.02,3.61,0.02,2.63,0.03,1.73,0.13,0.99,0.39,0.48,0.87,0.18,1.58,0.06,2.45
350,51.61,6.63,0.01,5.62,0.02,4.62,0.02,3.62,0.02,2.65,0.03,1.75,0.13,1.0,0.38,0.49,0.86,0.19,1.57,0.06,2.44
349,51.52,6.52,0.02,5.52,0.02,4.52,0.02,3.53,0.02,2.56,0.04,1.67,0.15,0.95,0.42,0.44,0.92,0.17,1.65,0.04,2.53
348,51.29,6.3,0.02,5.29,0.02,4.29,0.02,3.29,0.02,2.33,0.05,1.47,0.18,0.78,0.5,0.34,1.06,0.12,1.83,0.03,2.75
347,51.19,6.19,0.02,5.19,0.02,4.19,0.02,3.2,0.02,2.24,0.06,1.39,0.2,0.74,0.54,0.31,1.13,0.11,1.92,0.03,2.85
346,51.35,6.35,0.02,5.34,0.02,4.34,0.02,3.35,0.02,2.38,0.04,1.49,0.15,0.79,0.46,0.34,1.0,0.11,1.77,0.03,2.69
345,51.08,6.07,0.02,5.07,0.02,4.07,0.02,3.08,0.02,2.13,0.06,1.29,0.22,0.66,0.58,0.26,1.2,0.08,2.02,0.02,2.96
344,51.29,6.29,0.01,5.28,0.02,4.28,0.02,3.28,0.02,2.32,0.05,1.46,0.18,0.77,0.5,0.33,1.06,0.11,1.84,0.02,2.75
343,51.4,6.4,0.02,5.4,0.02,4.4,0.02,3.41,0.02,2.46,0.06,1.59,0.19,0.91,0.5,0.43,1.03,0.17,1.77,0.04,2.66
342,51.62,6.63,0.01,5.62,0.02,4.62,0.02,3.62,0.02,2.65,0.04,1.76,0.14,1.02,0.4,0.51,0.89,0.2,1.58,0.05,2.45
341,51.73,6.73,0.02,5.73,0.02,4.73,0.02,3.74,0.02,2.76,0.03,1.85,0.12,1.09,0.35,0.54,0.81,0.22,1.48,0.06,2.35
340,51.82,6.83,0.01,5.82,0.02,4.82,0.02,3.83,0.02,2.85,0.03,1.94,0.11,1.17,0.34,0.59,0.77,0.25,1.43,0.07,2.26
339,51.59,6.59,0.02,5.59,0.02,4.59,0.02,3.6,0.02,2.64,0.05,1.76,0.17,1.03,0.44,0.53,0.94,0.22,1.63,0.08,2.5
338,51.61,6.62,0.01,5.61,0.02,4.61,0.02,3.61,0.02,2.65,0.04,1.76,0.15,1.02,0.42,0.5,0.91,0.2,1.6,0.06,2.46
337,51.63,6.63,0.02,5.63,0.02,4.63,0.02,3.64,0.02,2.67,0.04,1.77,0.14,1.03,0.4,0.52,0.88,0.21,1.58,0.06,2.45
336,51.59,6.59,0.01,5.58,0.02,4.58,0.02,3.59,0.02,2.63,0.04,1.74,0.16,1.01,0.42,0.5,0.91,0.2,1.62,0.07,2.48
335,51.53,6.53,0.02,5.53,0.02,4.53,0.02,3.54,0.02,2.58,0.05,1.71,0.18,0.99,0.47,0.5,0.98,0.21,1.68,0.06,2.55
334,51.71,6.72,0.02,5.71,0.02,4.71,0.02,3.72,0.02,2.75,0.04,1.85,0.14,1.1,0.39,0.57,0.86,0.24,1.53,0.08,2.37
333,51.81,6.81,0.02,5.81,0.02,4.81,0.02,3.81,0.02,2.84,0.03,1.93,0.13,1.16,0.36,0.61,0.8,0.26,1.45,0.08,2.3
332,51.81,6.82,0.02,5.81,0.02,4.81,0.02,3.82,0.02,2.85,0.04,1.95,0.15,1.21,0.39,0.65,0.83,0.29,1.48,0.11,2.3
331,51.72,6.71,0.02,5.71,0.02,4.71,0.02,3.72,0.02,2.75,0.04,1.85,0.15,1.11,0.4,0.58,0.87,0.24,1.54,0.08,2.39
330,51.72,6.72,0.02,5.72,0.02,4.72,0.02,3.72,0.02,2.75,0.04,1.86,0.14,1.1,0.39,0.56,0.85,0.24,1.52,0.08,2.37
329,51.75,6.74,0.01,5.74,0.02,4.75,0.02,3.76,0.02,2.81,0.07,1.94,0.19,1.21,0.46,0.67,0.93,0.32,1.58,0.12,2.4
328,51.8,6.79,0.02,5.79,0.02,4.79,0.02,3.8,0.02,2.84,0.05,1.95,0.16,1.2,0.41,0.65,0.86,0.29,1.51,0.11,2.32
327,51.73,6.73,0.02,5.73,0.02,4.73,0.02,3.74,0.02,2.78,0.06,1.91,0.18,1.17,0.44,0.63,0.91,0.29,1.57,0.11,2.4
326,51.78,6.78,0.02,5.78,0.02,4.78,0.02,3.79,0.02,2.83,0.05,1.94,0.16,1.19,0.4,0.64,0.85,0.29,1.51,0.11,2.33
325,51.8,6.8,0.02,5.8,0.02,4.81,0.02,3.82,0.02,2.86,0.06,1.98,0.17,1.23,0.43,0.69,0.89,0.32,1.52,0.12,2.34
324,52.08,7.09,0.02,6.08,0.02,5.08,0.02,4.09,0.02,3.12,0.04,2.21,0.13,1.42,0.34,0.82,0.73,0.4,1.32,0.17,2.09
323,52.26,7.26,0.02,6.26,0.02,5.26,0.02,4.27,0.02,3.29,0.03,2.36,0.1,1.55,0.29,0.9,0.64,0.46,1.2,0.19,1.95
322,52.26,7.27,0.02,6.26,0.02,5.26,0.02,4.27,0.02,3.3,0.04,2.38,0.12,1.57,0.31,0.93,0.67,0.48,1.23,0.22,1.96
321,52.38,7.38,0.01,6.38,0.02,5.38,0.02,4.39,0.02,3.42,0.03,2.49,0.11,1.67,0.29,1.01,0.63,0.54,1.15,0.24,1.88
320,52.49,7.49,0.02,6.49,0.02,5.49,0.02,4.49,0.02,3.52,0.04,2.6,0.11,1.78,0.29,1.09,0.61,0.62,1.12,0.3,1.82
319,52.36,7.36,0.01,6.36,0.02,5.36,0.02,4.37,0.02,3.41,0.06,2.51,0.16,1.72,0.35,1.08,0.72,0.61,1.25,0.3,1.96
318,52.0,7.0,0.02,6.0,0.02,5.01,0.02,4.02,0.02,3.07,0.07,2.19,0.18,1.43,0.43,0.85,0.84,0.44,1.44,0.21,2.2
317,51.95,6.95,0.01,5.95,0.02,4.95,0.02,3.96,0.02,3.0,0.05,2.11,0.16,1.35,0.4,0.78,0.82,0.38,1.44,0.15,2.23
316,51.85,6.85,0.02,5.85,0.02,4.85,0.02,3.87,0.02,2.92,0.07,2.05,0.2,1.31,0.46,0.75,0.91,0.38,1.53,0.17,2.32
315,51.92,6.93,0.01,5.92,0.02,4.93,0.02,3.94,0.02,2.99,0.07,2.11,0.19,1.36,0.44,0.79,0.87,0.41,1.48,0.17,2.27
314,52.02,7.02,0.02,6.02,0.02,5.02,0.02,4.03,0.02,3.07,0.06,2.18,0.17,1.42,0.4,0.83,0.81,0.42,1.41,0.19,2.17
313,51.97,6.98,0.01,5.97,0.02,4.97,0.02,3.98,0.02,3.01,0.04,2.11,0.15,1.34,0.37,0.76,0.79,0.37,1.4,0.14,2.2
312,52.15,7.15,0.02,6.15,0.02,5.15,0.02,4.16,0.02,3.19,0.04,2.27,0.12,1.48,0.33,0.85,0.71,0.43,1.28,0.19,2.04
311,51.9,6.91,0.01,5.9,0.02,4.91,0.02,3.92,0.02,2.96,0.06,2.07,0.17,1.32,0.42,0.75,0.85,0.37,1.46,0.15,2.26
310,51.65,6.65,0.02,5.65,0.02,4.65,0.02,3.67,0.02,2.72,0.07,1.85,0.2,1.13,0.48,0.62,0.96,0.28,1.63,0.11,2.46
309,51.66,6.68,0.01,5.67,0.02,4.67,0.02,3.69,0.02,2.75,0.08,1.9,0.23,1.19,0.52,0.67,1.0,0.33,1.66,0.13,2.48
308,51.7,6.71,0.01,5.71,0.02,4.72,0.02,3.75,0.03,2.82,0.1,1.98,0.26,1.27,0.56,0.75,1.03,0.39,1.68,0.18,2.47
307,51.84,6.86,0.01,5.85,0.02,4.86,0.02,3.88,0.03,2.95,0.1,2.1,0.25,1.38,0.53,0.83,0.97,0.45,1.59,0.21,2.37
306,51.75,6.76,0.01,5.76,0.02,4.77,0.02,3.79,0.03,2.86,0.1,2.01,0.26,1.3,0.55,0.78,1.01,0.4,1.65,0.19,2.43
305,51.91,6.93,0.01,5.92,0.02,4.93,0.02,3.95,0.03,3.01,0.1,2.16,0.24,1.43,0.51,0.87,0.95,0.47,1.56,0.22,2.33
304,52.07,7.07,0.02,6.07,0.02,5.08,0.02,4.1,0.03,3.16,0.09,2.29,0.22,1.54,0.47,0.95,0.88,0.55,1.47,0.27,2.2
303,52.1,7.11,0.01,6.1,0.02,5.11,0.02,4.13,0.02,3.18,0.07,2.3,0.2,1.54,0.44,0.94,0.85,0.52,1.42,0.25,2.17
302,52.31,7.31,0.02,6.31,0.02,5.32,0.02,4.34,0.02,3.38,0.07,2.5,0.19,1.72,0.41,1.1,0.78,0.63,1.33,0.33,2.02
301,52.43,7.44,0.01,6.43,0.02,5.43,0.02,4.45,0.02,3.48,0.05,2.58,0.15,1.78,0.35,1.13,0.69,0.65,1.22,0.32,1.91
300,52.6,7.6,0.03,6.6,0.02,5.6,0.02,4.61,0.02,3.64,0.05,2.73,0.13,1.91,0.31,1.24,0.63,0.72,1.12,0.38,1.79
299,52.43,7.45,0.01,6.44,0.02,5.45,0.02,4.48,0.04,3.55,0.11,2.68,0.25,1.92,0.48,1.28,0.86,0.81,1.38,0.46,2.05
298,52.18,7.19,0.03,6.19,0.02,5.2,0.02,4.24,0.05,3.32,0.13,2.48,0.29,1.74,0.56,1.15,0.96,0.71,1.52,0.4,2.22
297,52.22,7.23,0.01,6.23,0.02,5.24,0.02,4.28,0.06,3.36,0.14,2.52,0.3,1.79,0.57,1.18,0.97,0.74,1.52,0.42,2.22
296,52.46,7.47,0.03,6.47,0.02,5.48,0.02,4.51,0.04,3.57,0.11,2.71,0.24,1.95,0.48,1.32,0.85,0.82,1.37,0.49,2.02
295,52.48,7.49,0.01,6.48,0.02,5.49,0.02,4.52,0.04,3.59,0.1,2.72,0.24,1.95,0.47,1.31,0.82,0.83,1.35,0.47,2.01
294,52.35,7.35,0.02,6.36,0.02,5.37,0.02,4.4,0.04,3.47,0.11,2.61,0.25,1.85,0.5,1.23,0.88,0.76,1.4,0.44,2.09
293,52.41,7.42,0.01,6.41,0.02,5.42,0.02,4.44,0.03,3.5,0.09,2.63,0.22,1.86,0.45,1.22,0.82,0.75,1.34,0.41,2.03
292,52.29,7.3,0.02,6.3,0.02,5.31,0.02,4.34,0.04,3.41,0.11,2.55,0.25,1.8,0.5,1.19,0.88,0.73,1.43,0.42,2.12
291,52.28,7.29,0.01,6.29,0.02,5.3,0.02,4.32,0.04,3.39,0.11,2.53,0.25,1.78,0.5,1.17,0.88,0.7,1.43,0.39,2.13
290,52.49,7.49,0.02,6.5,0.02,5.51,0.02,4.53,0.04,3.59,0.1,2.72,0.23,1.95,0.45,1.3,0.82,0.83,1.34,0.48,1.98
289,52.82,7.83,0.01,6.82,0.02,5.82,0.02,4.84,0.02,3.88,0.06,2.97,0.16,2.15,0.34,1.47,0.65,0.91,1.11,0.53,1.73
288,52.89,7.89,0.02,6.89,0.02,5.9,0.02,4.92,0.03,3.96,0.07,3.06,0.17,2.25,0.36,1.56,0.67,1.01,1.11,0.61,1.72
287,52.76,7.76,0.01,6.75,0.02,5.76,0.02,4.78,0.03,3.83,0.08,2.94,0.19,2.14,0.39,1.47,0.72,0.94,1.19,0.55,1.82
286,52.81,7.8,0.02,6.8,0.02,5.81,0.02,4.83,0.03,3.88,0.09,3.0,0.2,2.2,0.4,1.52,0.72,0.98,1.19,0.6,1.8
285,52.6,7.61,0.01,6.6,0.02,5.61,0.02,4.64,0.04,3.7,0.09,2.82,0.22,2.04,0.43,1.37,0.78,0.87,1.28,0.51,1.93
284,52.54,7.55,0.02,6.55,0.02,5.56,0.02,4.59,0.05,3.67,0.12,2.8,0.26,2.04,0.5,1.41,0.85,0.91,1.37,0.55,2.01
283,52.54,7.54,0.01,6.54,0.02,5.55,0.02,4.59,0.06,3.66,0.13,2.81,0.28,2.05,0.52,1.42,0.89,0.92,1.39,0.56,2.04
282,52.76,7.75,0.02,6.76,0.02,5.77,0.02,4.8,0.05,3.87,0.11,2.99,0.24,2.21,0.46,1.55,0.8,1.02,1.28,0.64,1.89
281,52.56,7.58,0.01,6.57,0.02,5.58,0.02,4.62,0.05,3.69,0.12,2.83,0.26,2.06,0.5,1.43,0.85,0.93,1.36,0.56,2.01
280,52.41,7.41,0.02,6.42,0.02,5.43,0.02,4.46,0.05,3.54,0.13,2.69,0.28,1.94,0.53,1.31,0.91,0.84,1.43,0.5,2.09
279,52.31,7.32,0.01,6.31,0.02,5.33,0.02,4.37,0.07,3.46,0.15,2.62,0.31,1.89,0.58,1.28,0.98,0.82,1.52,0.48,2.2
278,52.39,7.4,0.02,6.4,0.02,5.42,0.02,4.46,0.06,3.54,0.15,2.7,0.3,1.96,0.56,1.35,0.94,0.87,1.48,0.53,2.13
277,52.31,7.32,0.01,6.32,0.02,5.33,0.02,4.37,0.06,3.45,0.14,2.6,0.29,1.86,0.55,1.25,0.94,0.78,1.48,0.46,2.17
276,52.21,7.22,0.02,6.22,0.02,5.24,0.02,4.28,0.06,3.36,0.15,2.53,0.31,1.8,0.58,1.2,0.99,0.76,1.54,0.44,2.23
275,52.39,7.4,0.01,6.39,0.02,5.4,0.02,4.43,0.05,3.51,0.12,2.65,0.26,1.9,0.51,1.27,0.89,0.8,1.41,0.46,2.09
274,52.37,7.38,0.02,6.38,0.02,5.39,0.02,4.42,0.04,3.49,0.11,2.63,0.25,1.87,0.49,1.24,0.87,0.77,1.4,0.45,2.07
273,52.23,7.25,0.01,6.24,0.02,5.25,0.02,4.29,0.05,3.37,0.13,2.52,0.29,1.78,0.55,1.18,0.95,0.73,1.5,0.41,2.2
272,52.43,7.43,0.02,6.43,0.02,5.44,0.02,4.47,0.04,3.54,0.11,2.67,0.24,1.91,0.48,1.28,0.85,0.8,1.37,0.46,2.03
271,52.19,7.2,0.01,6.19,0.02,5.2,0.02,4.23,0.04,3.3,0.11,2.45,0.26,1.71,0.52,1.11,0.92,0.67,1.48,0.36,2.19
270,52.13,7.13,0.02,6.13,0.02,5.14,0.02,4.17,0.04,3.24,0.11,2.38,0.25,1.64,0.52,1.05,0.92,0.62,1.49,0.33,2.21
269,52.02,7.03,0.01,6.03,0.02,5.04,0.02,4.07,0.05,3.15,0.13,2.32,0.29,1.6,0.58,1.04,1.0,0.61,1.59,0.32,2.32
268,52.12,7.13,0.02,6.13,0.02,5.15,0.02,4.19,0.06,3.27,0.15,2.44,0.32,1.72,0.6,1.13,1.01,0.7,1.58,0.4,2.28
267,52.31,7.33,0.01,6.32,0.02,5.33,0.02,4.37,0.05,3.44,0.13,2.59,0.28,1.85,0.53,1.24,0.92,0.78,1.46,0.44,2.15
266,52.43,7.43,0.02,6.43,0.02,5.44,0.02,4.47,0.04,3.53,0.1,2.66,0.23,1.89,0.46,1.26,0.83,0.78,1.35,0.45,2.02
265,52.58,7.59,0.01,6.59,0.02,5.59,0.02,4.61,0.03,3.67,0.08,2.78,0.2,2.0,0.41,1.34,0.76,0.84,1.25,0.47,1.91
264,52.35,7.35,0.02,6.35,0.02,5.36,0.02,4.38,0.04,3.44,0.1,2.57,0.23,1.81,0.47,1.19,0.84,0.72,1.38,0.4,2.06
263,52.26,7.27,0.01,6.26,0.02,5.27,0.02,4.29,0.03,3.34,0.08,2.46,0.2,1.69,0.43,1.07,0.81,0.62,1.36,0.32,2.07
262,52.15,7.15,0.02,6.15,0.02,5.16,0.02,4.18,0.03,3.25,0.1,2.38,0.23,1.64,0.49,1.04,0.89,0.6,1.45,0.32,2.17
261,52.04,7.06,0.01,6.05,0.02,5.06,0.02,4.09,0.05,3.17,0.13,2.34,0.29,1.61,0.57,1.04,1.0,0.62,1.58,0.33,2.31
260,51.96,6.97,0.02,5.97,0.02,4.99,0.02,4.02,0.06,3.11,0.14,2.28,0.31,1.57,0.6,1.0,1.04,0.6,1.63,0.32,2.36
259,51.95,6.98,0.01,5.97,0.02,4.98,0.02,4.01,0.05,3.09,0.12,2.25,0.29,1.53,0.57,0.97,1.0,0.56,1.6,0.29,2.34
258,52.14,7.14,0.02,6.15,0.02,5.16,0.02,4.18,0.04,3.25,0.1,2.39,0.24,1.65,0.5,1.05,0.91,0.62,1.46,0.33,2.19
257,51.98,6.99,0.01,5.99,0.02,4.99,0.02,4.02,0.04,3.1,0.12,2.25,0.27,1.53,0.55,0.97,0.98,0.55,1.56,0.28,2.32
256,52.09,7.09,0.02,6.1,0.02,5.11,0.02,4.14,0.04,3.21,0.11,2.36,0.26,1.62,0.53,1.05,0.95,0.61,1.53,0.33,2.24
255,52.34,7.35,0.01,6.34,0.02,5.35,0.02,4.38,0.03,3.44,0.1,2.57,0.23,1.8,0.46,1.19,0.84,0.72,1.38,0.39,2.07
254,52.35,7.36,0.01,6.37,0.02,5.38,0.02,4.41,0.04,3.48,0.11,2.61,0.25,1.86,0.5,1.25,0.88,0.77,1.41,0.44,2.08
253,52.49,7.5,0.01,6.5,0.02,5.51,0.02,4.53,0.04,3.59,0.1,2.72,0.23,1.95,0.46,1.32,0.82,0.82,1.34,0.47,2.0
252,52.46,7.46,0.01,6.46,0.02,5.47,0.02,4.5,0.04,3.56,0.1,2.68,0.22,1.91,0.45,1.28,0.82,0.79,1.34,0.46,1.99
251,52.73,7.73,0.01,6.73,0.02,5.73,0.02,4.75,0.03,3.81,0.08,2.92,0.2,2.12,0.4,1.45,0.73,0.93,1.21,0.54,1.84
250,52.7,7.71,0.02,6.71,0.02,5.71,0.02,4.73,0.03,3.78,0.08,2.89,0.19,2.1,0.39,1.44,0.72,0.91,1.21,0.53,1.83
249,52.85,7.85,0.01,6.84,0.02,5.85,0.02,4.87,0.03,3.92,0.08,3.02,0.18,2.22,0.38,1.53,0.69,0.99,1.15,0.59,1.77
248,52.59,7.59,0.02,6.59,0.02,5.6,0.02,4.62,0.04,3.68,0.09,2.8,0.21,2.02,0.43,1.38,0.78,0.87,1.29,0.51,1.92
247,52.5,7.5,0.01,6.49,0.02,5.5,0.02,4.52,0.03,3.58,0.09,2.7,0.22,1.93,0.44,1.29,0.8,0.8,1.31,0.45,1.98
246,52.55,7.55,0.02,6.55,0.02,5.56,0.02,4.59,0.04,3.65,0.1,2.78,0.23,2.01,0.46,1.37,0.81,0.87,1.33,0.51,1.96
245,52.5,7.52,0.01,6.51,0.02,5.52,0.02,4.54,0.04,3.61,0.1,2.74,0.23,1.97,0.47,1.34,0.83,0.84,1.35,0.48,2.0
244,52.26,7.26,0.02,6.26,0.02,5.28,0.02,4.31,0.05,3.38,0.13,2.54,0.28,1.8,0.54,1.19,0.93,0.74,1.48,0.42,2.17
243,52.05,7.07,0.01,6.06,0.02,5.08,0.02,4.12,0.07,3.21,0.16,2.39,0.34,1.68,0.63,1.11,1.06,0.68,1.63,0.38,2.35
242,51.99,6.99,0.03,5.99,0.02,5.01,0.03,4.06,0.07,3.15,0.17,2.34,0.35,1.64,0.65,1.26,1.09,0.66,1.9,0.38,2.39
241,52.03,7.04,0.01,6.04,0.02,5.06,0.03,4.11,0.08,3.21,0.18,2.39,0.36,1.69,0.66,1.31,1.1,0.7,1.9,0.4,2.39
240,52.06,7.06,0.02,6.07,0.02,5.09,0.03,4.14,0.09,3.25,0.19,2.44,0.38,1.74,0.68,1.36,1.12,0.74,1.9,0.44,2.39
239,51.77,6.79,0.03,5.79,0.02,4.82,0.05,3.89,0.12,3.03,0.25,2.25,0.48,1.59,0.82,1.26,1.29,0.67,2.12,0.39,2.64
238,51.8,6.8,0.03,5.81,0.02,4.84,0.04,3.9,0.1,3.02,0.22,2.23,0.43,1.56,0.76,1.22,1.23,0.63,2.06,0.37,2.57
237,51.66,6.67,0.01,5.67,0.02,4.69,0.04,3.76,0.1,2.88,0.23,2.1,0.45,1.45,0.8,1.13,1.28,0.57,2.13,0.31,2.68
236,51.69,6.69,0.03,5.7,0.02,4.73,0.04,3.79,0.11,2.92,0.23,2.14,0.45,1.48,0.8,1.16,1.28,0.59,2.12,0.34,2.65
235,51.7,6.71,0.03,5.71,0.02,4.74,0.04,3.8,0.11,2.93,0.23,2.15,0.45,1.49,0.8,1.17,1.28,0.6,2.11,0.33,2.65
234,51.69,6.69,0.03,5.7,0.02,4.73,0.05,3.8,0.12,2.94,0.26,2.17,0.48,1.52,0.83,1.18,1.32,0.62,2.17,0.36,2.68
233,51.29,6.3,0.01,5.31,0.03,4.36,0.08,3.45,0.17,2.62,0.34,1.9,0.62,1.3,1.02,1.02,1.56,0.52,2.44,0.28,3.02
232,51.24,6.24,0.03,5.27,0.04,4.33,0.1,3.44,0.21,2.62,0.4,1.92,0.69,1.34,1.11,1.06,1.65,0.55,2.53,0.33,3.1
231,51.29,6.31,0.03,5.33,0.04,4.39,0.1,3.5,0.21,2.68,0.4,1.97,0.69,1.38,1.1,1.1,1.64,0.58,2.51,0.34,3.07
230,51.0,6.04,0.03,5.07,0.06,4.14,0.13,3.27,0.26,2.49,0.48,1.82,0.8,1.26,1.25,1.02,1.82,0.53,2.72,0.31,3.3
229,50.79,5.82,0.03,4.85,0.06,3.92,0.14,3.07,0.28,2.3,0.51,1.65,0.86,1.12,1.34,0.89,1.94,0.44,2.85,0.25,3.48
228,50.58,5.6,0.03,4.64,0.06,3.73,0.15,2.88,0.3,2.12,0.54,1.49,0.91,0.99,1.41,0.8,2.04,0.37,2.96,0.21,3.63
227,50.43,5.48,0.03,4.52,0.09,3.62,0.19,2.79,0.36,2.07,0.64,1.46,1.03,0.98,1.55,0.79,2.19,0.38,3.12,0.2,3.79
226,50.36,5.4,0.05,4.45,0.09,3.55,0.19,2.73,0.36,2.0,0.64,1.4,1.04,0.93,1.57,0.75,2.23,0.35,3.17,0.2,3.83
225,50.52,5.57,0.03,4.61,0.09,3.71,0.19,2.88,0.36,2.15,0.62,1.53,1.01,1.04,1.52,0.84,2.15,0.41,3.07,0.23,3.73
224,50.82,5.85,0.03,4.89,0.07,3.98,0.16,3.13,0.3,2.36,0.54,1.7,0.89,1.19,1.36,0.95,1.96,0.49,2.86,0.29,3.47
223,50.73,5.78,0.02,4.81,0.08,3.9,0.16,3.05,0.32,2.3,0.56,1.66,0.92,1.14,1.4,0.92,2.01,0.46,2.92,0.26,3.55
222,50.63,5.67,0.03,4.72,0.08,3.81,0.17,2.97,0.33,2.23,0.59,1.6,0.96,1.09,1.45,0.87,2.07,0.44,2.98,0.26,3.61
221,50.63,5.66,0.02,4.69,0.07,3.78,0.15,2.93,0.31,2.18,0.56,1.55,0.92,1.04,1.42,0.83,2.04,0.4,2.96,0.22,3.61
220,50.39,5.43,0.04,4.48,0.09,3.58,0.19,2.76,0.36,2.03,0.64,1.43,1.03,0.95,1.56,0.77,2.21,0.36,3.14,0.2,3.81
219,50.4,5.46,0.03,4.5,0.09,3.6,0.19,2.77,0.36,2.04,0.63,1.44,1.03,0.96,1.55,0.78,2.2,0.37,3.13,0.2,3.81
218,50.22,5.25,0.04,4.31,0.09,3.41,0.19,2.59,0.38,1.88,0.67,1.3,1.08,0.85,1.63,0.68,2.31,0.3,3.25,0.17,3.95
217,50.04,5.1,0.03,4.14,0.1,3.26,0.21,2.45,0.4,1.76,0.71,1.2,1.15,0.77,1.72,0.62,2.42,0.26,3.38,0.13,4.1
216,49.9,4.94,0.04,4.0,0.1,3.12,0.22,2.33,0.43,1.65,0.75,1.11,1.21,0.7,1.8,0.57,2.52,0.23,3.48,0.12,4.22
215,50.12,5.17,0.02,4.21,0.08,3.31,0.19,2.5,0.37,1.79,0.67,1.22,1.09,0.78,1.66,0.62,2.35,0.27,3.3,0.13,4.03
214,49.96,5.0,0.04,4.06,0.11,3.18,0.23,2.39,0.43,1.71,0.75,1.16,1.21,0.74,1.79,0.6,2.49,0.25,3.45,0.14,4.18
213,50.01,5.06,0.03,4.1,0.09,3.22,0.2,2.41,0.4,1.73,0.71,1.16,1.15,0.74,1.73,0.59,2.43,0.25,3.39,0.12,4.13
212,49.72,4.78,0.05,3.85,0.12,2.98,0.26,2.21,0.49,1.56,0.84,1.04,1.32,0.65,1.93,0.53,2.66,0.22,3.64,0.11,4.39
211,49.86,4.92,0.04,3.98,0.12,3.11,0.25,2.33,0.47,1.66,0.81,1.13,1.27,0.72,1.87,0.44,2.58,0.25,3.39,0.12,4.29
210,49.75,4.81,0.07,3.89,0.15,3.04,0.3,2.28,0.53,1.63,0.89,1.12,1.36,0.72,1.98,0.44,2.7,0.26,3.51,0.14,4.39
209,49.78,4.88,0.08,3.96,0.18,3.12,0.34,2.37,0.59,1.73,0.95,1.21,1.42,0.81,2.03,0.52,2.74,0.31,3.53,0.17,4.41
208,49.92,4.98,0.06,4.05,0.13,3.19,0.27,2.41,0.49,1.74,0.83,1.2,1.29,0.79,1.87,0.49,2.57,0.29,3.37,0.17,4.24
207,49.65,4.73,0.06,3.8,0.15,2.95,0.3,2.2,0.54,1.56,0.91,1.05,1.4,0.67,2.02,0.4,2.75,0.23,3.58,0.11,4.48
206,49.72,4.78,0.06,3.85,0.13,2.99,0.27,2.22,0.5,1.57,0.85,1.05,1.33,0.67,1.95,0.4,2.68,0.22,3.5,0.11,4.4
205,49.44,4.54,0.08,3.63,0.19,2.81,0.36,2.08,0.64,1.47,1.03,0.99,1.55,0.63,2.19,0.38,2.94,0.22,3.78,0.11,4.69
204,49.39,4.48,0.09,3.59,0.19,2.77,0.37,2.04,0.65,1.43,1.05,0.97,1.58,0.62,2.23,0.37,2.98,0.21,3.82,0.12,4.72
203,49.29,4.42,0.11,3.52,0.23,2.72,0.43,2.02,0.73,1.42,1.13,0.97,1.68,0.63,2.34,0.39,3.1,0.23,3.94,0.12,4.85
202,49.3,4.39,0.09,3.49,0.19,2.67,0.37,1.94,0.64,1.35,1.06,0.9,1.6,0.56,2.26,0.33,3.03,0.18,3.89,0.1,4.8
201,49.09,4.19,0.08,3.29,0.2,2.48,0.39,1.78,0.7,1.22,1.12,0.78,1.7,0.47,2.39,0.27,3.19,0.15,4.06,0.06,5.0
200,48.87,3.97,0.11,3.1,0.23,2.31,0.44,1.63,0.76,1.1,1.23,0.69,1.83,0.41,2.55,0.23,3.36,0.12,4.25,0.06,5.19
199,48.95,4.07,0.1,3.18,0.23,2.39,0.44,1.71,0.75,1.15,1.21,0.75,1.8,0.45,2.51,0.26,3.31,0.14,4.19,0.06,5.13
198,48.91,4.02,0.11,3.15,0.24,2.36,0.45,1.68,0.78,1.15,1.24,0.74,1.83,0.45,2.54,0.25,3.35,0.14,4.23,0.07,5.16
197,48.54,3.66,0.11,2.78,0.25,2.02,0.49,1.38,0.85,0.9,1.36,0.54,2.0,0.3,2.77,0.16,3.63,0.08,4.55,0.02,5.5
196,48.35,3.46,0.11,2.59,0.24,1.84,0.49,1.22,0.87,0.75,1.4,0.43,2.08,0.23,2.88,0.11,3.76,0.05,4.7,0.03,5.67
195,48.53,3.62,0.07,2.72,0.19,1.94,0.41,1.29,0.76,0.8,1.28,0.45,1.92,0.23,2.71,0.11,3.58,0.05,4.52,0.01,5.49
194,48.6,3.68,0.08,2.79,0.19,2.0,0.4,1.34,0.74,0.85,1.23,0.48,1.88,0.25,2.65,0.12,3.52,0.06,4.45,0.01,5.42
193,48.71,3.76,0.05,2.85,0.15,2.03,0.33,1.35,0.65,0.83,1.13,0.46,1.77,0.24,2.54,0.11,3.41,0.05,4.35,0.01,5.33
192,48.71,3.74,0.05,2.83,0.13,2.0,0.31,1.32,0.62,0.8,1.1,0.43,1.74,0.21,2.52,0.1,3.4,0.04,4.34,0.01,5.32
191,48.65,3.71,0.03,2.78,0.13,1.96,0.3,1.27,0.62,0.76,1.11,0.41,1.75,0.2,2.54,0.08,3.43,0.03,4.38,0.01,5.37
190,48.44,3.49,0.05,2.58,0.14,1.78,0.33,1.12,0.69,0.64,1.21,0.33,1.88,0.15,2.71,0.06,3.62,0.02,4.58,0.02,5.56
189,48.35,3.42,0.04,2.51,0.15,1.71,0.36,1.07,0.73,0.61,1.26,0.31,1.95,0.14,2.78,0.06,3.7,0.02,4.66,0.01,5.66
188,48.37,3.42,0.05,2.52,0.15,1.72,0.35,1.08,0.71,0.62,1.24,0.31,1.94,0.14,2.77,0.06,3.68,0.02,4.65,0.02,5.63
187,48.38,3.46,0.06,2.56,0.18,1.78,0.4,1.15,0.78,0.67,1.3,0.36,1.98,0.17,2.8,0.08,3.7,0.03,4.65,0.01,5.64
186,48.31,3.38,0.07,2.49,0.19,1.72,0.41,1.1,0.78,0.64,1.33,0.33,2.03,0.16,2.85,0.07,3.76,0.03,4.72,0.02,5.7
185,48.47,3.55,0.06,2.66,0.19,1.87,0.4,1.23,0.76,0.74,1.28,0.41,1.94,0.21,2.74,0.1,3.63,0.04,4.57,0.01,5.56
184,48.63,3.7,0.07,2.81,0.18,2.01,0.38,1.35,0.71,0.84,1.2,0.48,1.84,0.25,2.62,0.12,3.49,0.05,4.42,0.02,5.39
183,48.6,3.68,0.06,2.77,0.17,1.98,0.38,1.31,0.71,0.82,1.21,0.46,1.86,0.24,2.64,0.11,3.51,0.05,4.45,0.01,5.42
182,48.46,3.55,0.1,2.68,0.23,1.91,0.46,1.29,0.83,0.8,1.35,0.46,2.01,0.25,2.8,0.12,3.67,0.06,4.6,0.02,5.57
181,48.48,3.57,0.09,2.69,0.23,1.92,0.46,1.29,0.82,0.81,1.34,0.47,2.0,0.25,2.78,0.12,3.66,0.06,4.59,0.01,5.57
180,48.55,3.65,0.1,2.78,0.23,2.01,0.46,1.37,0.83,0.87,1.33,0.52,1.97,0.29,2.74,0.15,3.6,0.07,4.52,0.03,5.49
179,48.61,3.72,0.08,2.83,0.21,2.05,0.43,1.39,0.77,0.89,1.27,0.52,1.9,0.29,2.66,0.15,3.52,0.07,4.44,0.02,5.42
178,48.65,3.74,0.09,2.86,0.21,2.08,0.43,1.42,0.77,0.91,1.26,0.54,1.89,0.3,2.65,0.15,3.5,0.07,4.42,0.03,5.39
177,48.74,3.84,0.08,2.94,0.21,2.15,0.42,1.49,0.75,0.96,1.23,0.58,1.84,0.33,2.59,0.17,3.43,0.08,4.35,0.03,5.39
176,48.88,3.98,0.09,3.09,0.2,2.29,0.41,1.61,0.73,1.07,1.18,0.67,1.78,0.39,2.5,0.21,3.32,0.11,4.22,0.05,5.26
175,48.76,3.88,0.1,3.0,0.24,2.22,0.46,1.56,0.8,1.04,1.28,0.65,1.89,0.38,2.62,0.21,3.45,0.11,4.35,0.04,5.38
174,49.06,4.17,0.1,3.28,0.21,2.48,0.41,1.79,0.72,1.23,1.16,0.79,1.72,0.49,2.41,0.28,3.21,0.15,4.08,0.08,5.11
173,48.94,4.07,0.11,3.19,0.25,2.4,0.46,1.73,0.79,1.18,1.24,0.77,1.81,0.47,2.53,0.27,3.33,0.15,4.2,0.09,5.25
172,48.9,4.04,0.13,3.17,0.27,2.4,0.49,1.73,0.83,1.19,1.29,0.77,1.88,0.49,2.58,0.29,3.38,0.16,4.25,0.08,5.29
171,49.0,4.13,0.11,3.24,0.24,2.45,0.45,1.77,0.77,1.22,1.22,0.8,1.8,0.49,2.49,0.29,3.29,0.16,4.16,0.07,5.2
170,48.82,3.94,0.12,3.07,0.25,2.3,0.47,1.63,0.81,1.1,1.28,0.69,1.87,0.42,2.6,0.24,3.42,0.13,4.31,0.06,5.34
169,49.02,4.13,0.09,3.24,0.22,2.44,0.42,1.75,0.73,1.19,1.17,0.77,1.75,0.47,2.44,0.27,3.24,0.14,4.12,0.07,5.15
168,49.01,4.12,0.11,3.24,0.23,2.44,0.43,1.76,0.75,1.21,1.2,0.78,1.76,0.48,2.47,0.28,3.27,0.15,4.14,0.08,5.18
167,49.31,4.42,0.1,3.52,0.21,2.71,0.39,2.0,0.68,1.4,1.09,0.94,1.62,0.6,2.28,0.36,3.04,0.2,3.89,0.11,4.92
166,49.42,4.51,0.09,3.61,0.2,2.79,0.37,2.07,0.65,1.46,1.05,0.99,1.56,0.63,2.21,0.38,2.97,0.22,3.8,0.13,4.84
165,49.56,4.65,0.08,3.74,0.18,2.9,0.35,2.17,0.61,1.55,0.99,1.04,1.5,0.68,2.12,0.42,2.86,0.24,3.69,0.13,4.72
164,49.54,4.63,0.09,3.73,0.19,2.9,0.36,2.16,0.62,1.55,1.0,1.04,1.51,0.68,2.14,0.42,2.88,0.25,3.7,0.15,4.73
163,49.56,4.65,0.08,3.73,0.18,2.9,0.34,2.16,0.61,1.54,0.98,1.04,1.49,0.68,2.12,0.41,2.86,0.24,3.68,0.13,4.71
162,49.66,4.73,0.07,3.82,0.16,2.98,0.32,2.23,0.57,1.58,0.94,1.08,1.42,0.7,2.04,0.43,2.77,0.25,3.59,0.14,4.64
161,49.48,4.58,0.09,3.66,0.18,2.83,0.35,2.1,0.62,1.49,1.01,0.99,1.51,0.64,2.16,0.39,2.91,0.22,3.74,0.13,4.78
160,49.6,4.67,0.07,3.75,0.15,2.91,0.3,2.15,0.55,1.51,0.92,1.02,1.42,0.65,2.04,0.39,2.78,0.22,3.61,0.12,4.65
159,49.56,4.63,0.06,3.7,0.14,2.84,0.28,2.09,0.53,1.46,0.9,0.96,1.4,0.6,2.04,0.35,2.79,0.19,3.63,0.1,4.67
158,49.39,4.43,0.05,3.51,0.13,2.66,0.28,1.91,0.53,1.3,0.92,0.83,1.45,0.49,2.11,0.27,2.89,0.14,3.76,0.07,4.8
157,49.29,4.35,0.05,3.42,0.13,2.57,0.28,1.83,0.54,1.22,0.93,0.76,1.47,0.44,2.15,0.24,2.95,0.12,3.83,0.06,4.87
156,49.28,4.34,0.06,3.42,0.14,2.58,0.3,1.84,0.56,1.24,0.97,0.78,1.5,0.46,2.18,0.25,2.97,0.13,3.85,0.06,4.89
155,49.3,4.36,0.05,3.43,0.12,2.57,0.27,1.83,0.53,1.22,0.92,0.77,1.46,0.44,2.14,0.24,2.94,0.12,3.82,0.04,4.86
154,49.34,4.38,0.04,3.45,0.1,2.58,0.24,1.82,0.48,1.21,0.87,0.74,1.4,0.42,2.08,0.22,2.88,0.11,3.76,0.04,4.8
153,49.29,4.34,0.04,3.4,0.12,2.54,0.26,1.8,0.51,1.2,0.9,0.73,1.45,0.42,2.13,0.22,2.93,0.11,3.82,0.04,4.86
152,49.31,4.36,0.05,3.43,0.12,2.58,0.26,1.83,0.52,1.22,0.91,0.76,1.45,0.44,2.13,0.23,2.92,0.11,3.8,0.06,4.83
151,49.02,4.09,0.06,3.17,0.16,2.35,0.33,1.64,0.62,1.07,1.05,0.66,1.63,0.37,2.35,0.19,3.18,0.09,4.08,0.04,5.11
150,49.12,4.18,0.06,3.27,0.14,2.43,0.31,1.71,0.58,1.13,1.0,0.69,1.57,0.4,2.27,0.21,3.08,0.1,3.98,0.05,5.02
149,49.24,4.25,0.02,3.26,0.03,2.35,0.12,1.54,0.31,0.9,0.67,0.46,1.23,0.2,1.97,0.08,2.85,0.03,3.8,0.02,4.83
148,49.14,4.13,0.02,3.15,0.03,2.22,0.1,1.41,0.28,0.78,0.66,0.37,1.24,0.15,2.02,0.05,2.92,0.02,3.89,0.02,4.91
147,49.32,4.33,0.02,3.33,0.02,2.38,0.07,1.54,0.22,0.86,0.55,0.41,1.1,0.16,1.85,0.05,2.74,0.02,3.7,0.02,4.72
146,49.21,4.21,0.02,3.23,0.02,2.28,0.07,1.43,0.22,0.77,0.56,0.35,1.14,0.13,1.91,0.04,2.83,0.02,3.8,0.02,4.79
145,49.35,4.36,0.01,3.36,0.02,2.41,0.06,1.54,0.19,0.86,0.51,0.4,1.05,0.15,1.8,0.05,2.69,0.02,3.66,0.01,4.65
144,49.33,4.33,0.02,3.34,0.02,2.39,0.06,1.53,0.2,0.85,0.52,0.4,1.07,0.15,1.82,0.05,2.72,0.02,3.68,0.02,4.67
143,49.5,4.5,0.01,3.51,0.02,2.56,0.07,1.71,0.22,1.01,0.52,0.52,1.03,0.23,1.74,0.09,2.6,0.03,3.54,0.01,4.52
142,49.34,4.36,0.02,3.37,0.02,2.43,0.08,1.59,0.24,0.92,0.57,0.46,1.11,0.19,1.84,0.07,2.71,0.02,3.67,0.02,4.65
141,49.43,4.44,0.01,3.45,0.02,2.49,0.06,1.63,0.2,0.93,0.5,0.45,1.02,0.18,1.75,0.06,2.63,0.02,3.58,0.01,4.57
140,49.58,4.58,0.02,3.59,0.02,2.62,0.04,1.73,0.15,1.0,0.42,0.49,0.91,0.2,1.62,0.06,2.49,0.02,3.44,0.02,4.43
139,49.52,4.53,0.01,3.54,0.02,2.59,0.06,1.72,0.2,1.02,0.49,0.52,1.0,0.22,1.7,0.08,2.56,0.02,3.5,0.02,4.48
138,49.54,4.54,0.02,3.55,0.02,2.59,0.06,1.72,0.19,1.01,0.47,0.51,0.97,0.22,1.68,0.08,2.54,0.02,3.49,0.02,4.47
137,49.54,4.55,0.01,3.56,0.02,2.61,0.07,1.75,0.21,1.05,0.51,0.55,1.01,0.24,1.71,0.09,2.55,0.03,3.49,0.02,4.47
136,49.61,4.61,0.02,3.62,0.02,2.66,0.06,1.79,0.18,1.07,0.46,0.55,0.95,0.24,1.64,0.09,2.48,0.03,3.42,0.02,4.4
135,49.53,4.55,0.01,3.55,0.02,2.59,0.05,1.72,0.18,1.0,0.46,0.5,0.96,0.21,1.67,0.07,2.53,0.02,3.48,0.02,4.47
134,49.57,4.59,0.02,3.6,0.02,2.64,0.06,1.76,0.18,1.04,0.46,0.53,0.95,0.23,1.65,0.08,2.5,0.02,3.44,0.02,4.42
133,49.55,4.58,0.02,3.59,0.02,2.64,0.08,1.79,0.23,1.09,0.53,0.59,1.02,0.27,1.71,0.11,2.55,0.04,3.47,0.02,4.45
132,49.44,4.44,0.02,3.46,0.02,2.52,0.09,1.68,0.25,1.0,0.57,0.52,1.09,0.23,1.8,0.09,2.66,0.03,3.6,0.02,4.57
131,49.29,4.3,0.02,3.32,0.03,2.39,0.11,1.58,0.3,0.93,0.65,0.49,1.2,0.22,1.94,0.08,2.8,0.03,3.75,0.02,4.73
130,49.28,4.27,0.02,3.29,0.02,2.36,0.09,1.54,0.27,0.88,0.62,0.44,1.17,0.19,1.92,0.07,2.8,0.02,3.75,0.02,4.74
129,49.23,4.25,0.02,3.27,0.04,2.36,0.12,1.55,0.32,0.92,0.69,0.48,1.25,0.21,1.99,0.09,2.85,0.03,3.8,0.02,4.78
128,49.25,4.25,0.02,3.28,0.04,2.37,0.13,1.58,0.34,0.94,0.7,0.5,1.26,0.23,1.99,0.09,2.85,0.03,3.79,0.02,4.77
127,49.24,4.26,0.02,3.29,0.05,2.39,0.16,1.61,0.37,0.98,0.75,0.54,1.31,0.26,2.03,0.11,2.88,0.04,3.81,0.02,4.78
126,49.31,4.32,0.02,3.36,0.06,2.47,0.17,1.69,0.39,1.06,0.76,0.6,1.3,0.31,2.01,0.14,2.84,0.06,3.76,0.02,4.72
125,49.14,4.17,0.03,3.22,0.09,2.35,0.22,1.6,0.47,1.0,0.87,0.57,1.45,0.3,2.17,0.14,3.01,0.06,3.93,0.02,4.89
124,49.39,4.4,0.02,3.44,0.06,2.55,0.17,1.76,0.39,1.12,0.75,0.65,1.28,0.34,1.97,0.16,2.79,0.07,3.69,0.03,4.65
123,49.36,4.38,0.02,3.41,0.06,2.52,0.17,1.73,0.38,1.09,0.74,0.63,1.28,0.32,1.97,0.15,2.8,0.06,3.71,0.02,4.67
122,49.3,4.34,0.02,3.39,0.08,2.5,0.19,1.73,0.42,1.11,0.79,0.65,1.33,0.34,2.03,0.16,2.85,0.07,3.76,0.03,4.72
121,49.34,4.37,0.02,3.4,0.07,2.51,0.17,1.73,0.39,1.09,0.76,0.63,1.3,0.33,1.99,0.15,2.82,0.06,3.73,0.02,4.69
120,49.45,4.48,0.02,3.52,0.06,2.62,0.15,1.82,0.35,1.16,0.7,0.68,1.22,0.36,1.9,0.17,2.71,0.07,3.61,0.03,4.57
119,49.29,4.33,0.02,3.37,0.07,2.7,0.19,1.71,0.42,1.09,0.8,0.63,1.34,0.33,2.26,0.16,2.87,0.07,3.78,0.03,4.73
118,49.2,4.24,0.03,3.29,0.09,2.64,0.21,1.66,0.46,1.06,0.85,0.61,1.41,0.32,2.33,0.16,2.95,0.07,3.86,0.03,4.82
117,49.31,4.35,0.03,3.39,0.09,2.73,0.21,1.75,0.45,1.13,0.83,0.67,1.37,0.37,2.28,0.18,2.87,0.08,3.77,0.03,4.73
116,49.13,4.16,0.05,3.24,0.12,2.63,0.28,1.66,0.54,1.08,0.96,0.65,1.53,0.36,2.45,0.18,3.06,0.08,3.97,0.04,4.92
115,49.08,4.14,0.05,3.2,0.13,2.6,0.29,1.64,0.56,1.06,0.98,0.63,1.56,0.35,2.49,0.18,3.1,0.08,4.0,0.04,4.96
114,49.09,4.15,0.05,3.23,0.14,2.63,0.3,1.67,0.58,1.09,1.0,0.66,1.57,0.37,2.5,0.19,3.1,0.09,4.0,0.04,4.95
113,49.22,4.27,0.03,3.32,0.1,2.68,0.24,1.71,0.49,1.1,0.88,0.66,1.44,0.36,2.36,0.18,2.96,0.08,3.86,0.02,4.81
112,49.31,4.35,0.04,3.42,0.11,2.78,0.25,1.81,0.5,1.19,0.89,0.73,1.43,0.42,2.34,0.22,2.91,0.11,3.8,0.05,4.74
111,49.34,4.39,0.03,3.45,0.11,2.81,0.25,1.84,0.5,1.22,0.88,0.76,1.42,0.43,2.32,0.23,2.89,0.11,3.77,0.05,4.71
110,49.35,4.38,0.04,3.44,0.11,2.8,0.25,1.83,0.49,1.21,0.87,0.75,1.41,0.42,2.32,0.22,2.89,0.11,3.77,0.05,4.71
109,49.34,4.39,0.03,3.45,0.11,2.81,0.26,1.84,0.51,1.22,0.89,0.76,1.43,0.44,2.33,0.23,2.9,0.11,3.78,0.05,4.72
108,49.64,4.67,0.03,3.72,0.08,3.03,0.18,2.03,0.39,1.37,0.72,0.86,1.21,0.49,2.09,0.26,2.62,0.13,3.48,0.06,4.41
107,49.71,4.75,0.03,3.79,0.08,3.1,0.18,2.1,0.39,1.43,0.71,0.91,1.19,0.53,2.06,0.29,2.57,0.14,3.43,0.07,4.35
106,49.71,4.72,0.02,3.76,0.06,3.04,0.15,2.04,0.33,1.36,0.65,0.83,1.13,0.47,2.0,0.24,2.54,0.11,3.41,0.05,4.34
105,49.73,4.75,0.02,3.78,0.05,3.05,0.14,2.05,0.32,1.36,0.63,0.83,1.1,0.46,1.98,0.23,2.51,0.11,3.38,0.04,4.32
104,49.72,4.74,0.02,3.77,0.05,3.05,0.14,2.04,0.32,1.35,0.63,0.83,1.11,0.46,1.98,0.23,2.51,0.11,3.39,0.04,4.32
103,49.74,4.75,0.01,3.78,0.05,3.04,0.13,2.04,0.31,1.35,0.62,0.82,1.09,0.45,1.96,0.23,2.5,0.1,3.37,0.03,4.32
102,49.55,4.56,0.02,3.59,0.05,2.87,0.14,1.87,0.33,1.21,0.67,0.71,1.17,0.38,2.07,0.18,2.64,0.08,3.54,0.03,4.49
101,49.63,4.66,0.01,3.66,0.02,2.87,0.07,1.86,0.22,1.14,0.5,0.62,0.98,0.3,1.88,0.12,2.48,0.04,3.4,0.01,4.37
100,49.8,4.8,0.02,3.82,0.02,3.01,0.06,1.99,0.19,1.25,0.45,0.69,0.89,0.34,1.77,0.14,2.34,0.05,3.25,0.02,4.21
99,49.72,4.73,0.01,3.73,0.02,2.91,0.05,1.89,0.17,1.15,0.44,0.61,0.9,0.28,1.79,0.11,2.39,0.04,3.32,0.02,4.29
98,49.7,4.7,0.02,3.71,0.02,2.92,0.07,1.9,0.2,1.17,0.47,0.64,0.94,0.3,1.83,0.12,2.43,0.04,3.35,0.02,4.32
97,49.79,4.81,0.02,3.81,0.02,2.99,0.06,1.97,0.18,1.23,0.43,0.67,0.88,0.32,1.76,0.13,2.34,0.05,3.25,0.02,4.22
96,49.81,4.82,0.02,3.83,0.02,3.02,0.06,2.0,0.19,1.26,0.45,0.7,0.89,0.34,1.77,0.15,2.33,0.05,3.24,0.02,4.2
95,49.85,4.86,0.02,3.87,0.02,3.08,0.07,2.05,0.21,1.32,0.47,0.76,0.91,0.39,1.78,0.18,2.33,0.07,3.22,0.02,4.17
94,49.91,4.91,0.02,3.93,0.02,3.13,0.07,2.11,0.2,1.37,0.46,0.8,0.89,0.42,1.75,0.19,2.28,0.08,3.17,0.03,4.12
93,49.89,4.9,0.02,3.9,0.02,3.08,0.06,2.06,0.17,1.31,0.42,0.74,0.85,0.37,1.72,0.16,2.27,0.06,3.17,0.02,4.13
92,49.81,4.82,0.02,3.84,0.03,3.07,0.09,2.05,0.24,1.33,0.53,0.79,0.98,0.42,1.85,0.2,2.39,0.08,3.27,0.03,4.22
91,49.82,4.83,0.01,3.84,0.02,3.05,0.08,2.03,0.21,1.3,0.48,0.74,0.93,0.38,1.8,0.17,2.35,0.07,3.25,0.01,4.22
90,49.96,4.97,0.02,3.98,0.02,3.19,0.08,2.16,0.2,1.42,0.46,0.84,0.88,0.45,1.73,0.21,2.25,0.09,3.13,0.03,4.07
89,49.76,4.78,0.01,3.79,0.03,3.04,0.1,2.02,0.26,1.31,0.55,0.77,1.02,0.41,1.9,0.19,2.44,0.08,3.32,0.02,4.27
88,49.75,4.76,0.02,3.78,0.02,2.83,0.08,1.97,0.21,1.24,0.49,0.7,0.95,0.35,1.59,0.15,2.39,0.06,3.3,0.02,4.26
87,49.79,4.81,0.01,3.81,0.02,2.86,0.06,1.99,0.19,1.25,0.45,0.7,0.9,0.34,1.54,0.14,2.35,0.05,3.26,0.01,4.22
86,49.67,4.67,0.02,3.7,0.03,2.76,0.1,1.92,0.26,1.22,0.55,0.7,1.03,0.36,1.69,0.16,2.49,0.06,3.4,0.02,4.36
85,49.53,4.55,0.01,3.57,0.04,2.66,0.13,1.84,0.31,1.17,0.64,0.67,1.14,0.34,1.82,0.16,2.63,0.06,3.53,0.01,4.49
84,49.58,4.6,0.02,3.63,0.06,2.73,0.15,1.92,0.34,1.25,0.67,0.75,1.17,0.41,1.83,0.2,2.62,0.09,3.51,0.04,4.46
83,49.43,4.48,0.02,3.52,0.08,2.63,0.19,1.85,0.41,1.21,0.77,0.73,1.29,0.4,1.96,0.2,2.76,0.09,3.65,0.04,4.6
82,49.42,4.45,0.03,3.51,0.09,2.63,0.21,1.86,0.44,1.23,0.81,0.75,1.33,0.42,2.0,0.22,2.8,0.1,3.68,0.04,4.62
81,49.32,4.35,0.01,3.39,0.07,2.5,0.18,1.73,0.41,1.1,0.78,0.64,1.32,0.34,2.02,0.16,2.84,0.07,3.75,0.03,4.71
80,49.12,4.16,0.04,3.23,0.11,2.38,0.26,1.64,0.53,1.06,0.94,0.63,1.51,0.34,2.22,0.17,3.05,0.08,3.96,0.03,4.91
79,49.13,4.17,0.03,3.22,0.09,2.36,0.23,1.61,0.48,1.01,0.88,0.58,1.45,0.31,2.18,0.15,3.02,0.06,3.93,0.02,4.89
78,49.03,4.07,0.04,3.14,0.11,2.29,0.25,1.55,0.52,0.98,0.94,0.56,1.53,0.29,2.26,0.14,3.1,0.06,4.03,0.02,5.0
77,49.08,4.11,0.02,3.16,0.08,2.29,0.22,1.54,0.47,0.95,0.88,0.53,1.46,0.27,2.2,0.12,3.05,0.05,3.97,0.01,4.94
76,48.99,4.01,0.02,3.06,0.07,2.19,0.2,1.44,0.46,0.86,0.88,0.46,1.48,0.22,2.24,0.09,3.11,0.03,4.05,0.02,5.03
75,49.24,4.27,0.01,3.3,0.06,2.4,0.16,1.62,0.38,1.0,0.75,0.55,1.31,0.27,2.03,0.12,2.88,0.05,3.8,0.01,4.77
74,49.17,4.18,0.02,3.22,0.04,2.31,0.14,1.52,0.34,0.89,0.72,0.47,1.29,0.21,2.04,0.08,2.91,0.03,3.86,0.02,4.85
73,49.32,4.34,0.01,3.37,0.05,2.46,0.14,1.66,0.34,1.02,0.69,0.56,1.23,0.27,1.95,0.12,2.79,0.04,3.72,0.02,4.69
72,49.26,4.28,0.02,3.32,0.05,2.42,0.15,1.63,0.37,1.0,0.74,0.55,1.29,0.27,2.01,0.12,2.85,0.04,3.78,0.02,4.75
71,49.3,4.32,0.01,3.34,0.05,2.44,0.14,1.64,0.35,1.01,0.71,0.55,1.26,0.27,1.97,0.11,2.82,0.04,3.75,0.02,4.72
70,49.3,4.31,0.02,3.35,0.04,2.43,0.13,1.63,0.33,0.99,0.68,0.53,1.23,0.25,1.95,0.1,2.8,0.04,3.73,0.02,4.71
69,49.26,4.29,0.02,3.32,0.05,2.41,0.15,1.62,0.36,0.99,0.73,0.55,1.28,0.27,2.0,0.11,2.85,0.04,3.78,0.02,4.75
68,49.33,4.34,0.02,3.37,0.04,2.46,0.13,1.66,0.33,1.01,0.68,0.55,1.23,0.27,1.94,0.11,2.78,0.04,3.71,0.02,4.68
67,49.04,4.07,0.01,3.11,0.07,2.24,0.2,1.49,0.45,0.9,0.86,0.49,1.45,0.24,2.2,0.1,3.07,0.04,4.0,0.01,4.99
66,49.13,4.15,0.02,3.2,0.06,2.31,0.18,1.54,0.41,0.94,0.8,0.51,1.38,0.25,2.12,0.11,2.97,0.04,3.91,0.02,4.88
65,49.15,4.18,0.01,3.22,0.16,2.34,0.19,1.58,0.43,0.97,0.83,0.54,1.4,0.27,2.13,0.12,2.98,0.05,3.9,0.01,4.88
64,49.05,4.07,0.03,3.12,0.18,2.25,0.21,1.51,0.47,0.92,0.88,0.51,1.47,0.25,2.21,0.11,3.07,0.04,4.0,0.02,4.97
63,49.0,4.03,0.01,3.07,0.17,2.2,0.2,1.45,0.45,0.87,0.87,0.47,1.47,0.22,2.23,0.09,3.1,0.04,4.04,0.01,5.02
62,48.9,3.91,0.02,2.96,0.16,2.09,0.2,1.35,0.46,0.78,0.89,0.4,1.52,0.18,2.3,0.07,3.19,0.02,4.14,0.02,5.12
61,48.94,3.96,0.01,3.0,0.17,2.13,0.21,1.39,0.46,0.82,0.89,0.43,1.51,0.2,2.28,0.08,3.16,0.03,4.1,0.02,5.08
60,48.97,3.98,0.02,3.02,0.14,2.13,0.17,1.37,0.41,0.79,0.82,0.4,1.43,0.17,2.21,0.07,3.1,0.02,4.06,0.02,5.04
59,48.93,3.95,0.02,3.0,0.17,2.13,0.2,1.38,0.46,0.81,0.89,0.43,1.51,0.2,2.28,0.08,3.16,0.03,4.11,0.02,5.09
58,49.16,4.19,0.02,3.23,0.15,2.34,0.18,1.57,0.4,0.96,0.79,0.53,1.36,0.26,2.09,0.11,2.95,0.04,3.88,0.02,4.85
57,49.25,4.29,0.02,3.34,0.18,2.46,0.21,1.7,0.44,1.08,0.83,0.63,1.38,0.34,2.08,0.16,2.91,0.07,3.82,0.02,4.78
56,49.47,4.49,0.02,3.53,0.15,2.64,0.17,1.84,0.37,1.19,0.72,0.7,1.23,0.38,1.91,0.18,2.71,0.08,3.61,0.03,4.56
55,49.63,4.66,0.01,3.69,0.15,2.79,0.16,1.99,0.36,1.32,0.69,0.81,1.18,0.45,1.83,0.23,2.61,0.11,3.48,0.04,4.42
54,49.68,4.7,0.02,3.74,0.14,2.83,0.15,2.02,0.34,1.34,0.66,0.82,1.14,0.46,1.78,0.23,2.55,0.11,3.43,0.05,4.37
53,49.65,4.68,0.01,3.71,0.13,2.79,0.14,1.98,0.32,1.3,0.64,0.78,1.13,0.43,1.77,0.21,2.56,0.09,3.44,0.03,4.38
52,49.69,4.71,0.02,3.74,0.12,2.82,0.13,2.0,0.31,1.31,0.62,0.79,1.1,0.43,1.74,0.21,2.52,0.09,3.4,0.04,4.35
51,49.68,4.7,0.01,3.72,0.11,2.8,0.12,1.97,0.29,1.28,0.6,0.75,1.08,0.4,1.72,0.19,2.51,0.08,3.4,0.03,4.35
50,49.65,4.66,0.02,3.7,0.12,2.78,0.13,1.96,0.31,1.28,0.63,0.76,1.11,0.41,1.76,0.2,2.55,0.09,3.44,0.03,4.39
49,49.77,4.8,0.01,3.82,0.12,2.91,0.13,2.08,0.31,1.39,0.61,0.86,1.08,0.48,1.7,0.24,2.47,0.11,3.34,0.05,4.27
48,49.85,4.87,0.02,3.9,0.12,2.98,0.13,2.15,0.3,1.45,0.6,0.91,1.05,0.51,1.66,0.27,2.42,0.13,3.28,0.05,4.2
47,49.77,4.81,0.01,3.85,0.15,2.94,0.16,2.13,0.35,1.45,0.66,0.91,1.13,0.53,1.75,0.28,2.5,0.14,3.36,0.06,4.28
46,49.65,4.67,0.02,3.71,0.13,2.8,0.14,1.99,0.33,1.31,0.65,0.79,1.14,0.44,1.78,0.22,2.56,0.1,3.44,0.04,4.38
45,49.58,4.6,0.01,3.62,0.12,2.71,0.13,1.9,0.32,1.23,0.65,0.72,1.14,0.38,1.8,0.18,2.6,0.08,3.5,0.03,4.45
44,49.39,4.4,0.02,3.44,0.13,2.54,0.15,1.74,0.35,1.1,0.71,0.63,1.24,0.32,1.93,0.15,2.76,0.06,3.67,0.02,4.64
43,49.42,4.45,0.02,3.48,0.15,2.59,0.17,1.8,0.38,1.15,0.74,0.69,1.26,0.36,1.94,0.17,2.75,0.08,3.66,0.02,4.61
42,49.4,4.41,0.03,3.47,0.18,2.59,0.2,1.81,0.43,1.19,0.8,0.71,1.32,0.39,2.0,0.2,2.81,0.09,3.7,0.04,4.66
41,49.36,4.39,0.03,3.44,0.19,2.57,0.23,1.81,0.46,1.19,0.84,0.72,1.38,0.4,2.06,0.21,2.86,0.1,3.75,0.04,4.7
40,49.55,4.58,0.02,3.62,0.16,2.73,0.18,1.94,0.39,1.28,0.73,0.79,1.23,0.44,1.89,0.23,2.68,0.11,3.56,0.05,4.49
39,49.78,4.81,0.02,3.85,0.15,2.95,0.17,2.14,0.36,1.47,0.68,0.92,1.15,0.54,1.77,0.29,2.52,0.15,3.37,0.07,4.29
38,49.75,4.77,0.03,3.82,0.16,2.93,0.18,2.13,0.38,1.46,0.71,0.93,1.18,0.55,1.81,0.3,2.56,0.15,3.41,0.06,4.33
37,49.74,4.77,0.02,3.8,0.14,2.9,0.16,2.09,0.35,1.4,0.66,0.88,1.14,0.5,1.76,0.26,2.52,0.13,3.39,0.06,4.31
36,49.95,4.97,0.02,4.0,0.13,3.09,0.14,2.26,0.31,1.55,0.6,0.99,1.05,0.58,1.63,0.32,2.36,0.16,3.21,0.07,4.12
35,49.98,5.01,0.02,4.03,0.11,3.1,0.12,2.26,0.27,1.53,0.55,0.98,0.98,0.56,1.57,0.29,2.31,0.14,3.15,0.05,4.08
34,49.9,4.91,0.02,3.93,0.04,3.01,0.11,2.16,0.26,1.44,0.55,0.88,1.0,0.49,1.6,0.25,2.35,0.11,3.22,0.04,4.15
33,50.12,5.14,0.02,4.14,0.02,3.19,0.07,2.3,0.18,1.54,0.42,0.95,0.82,0.51,1.39,0.25,2.13,0.11,2.99,0.04,3.92
32,50.08,5.08,0.02,4.1,0.03,3.16,0.08,2.29,0.21,1.54,0.46,0.95,0.88,0.53,1.45,0.27,2.19,0.12,3.04,0.04,3.97
31,50.11,5.13,0.01,4.15,0.04,3.21,0.11,2.36,0.25,1.62,0.51,1.04,0.93,0.6,1.5,0.32,2.21,0.16,3.05,0.06,3.97
30,50.12,5.13,0.02,4.16,0.04,3.23,0.11,2.38,0.26,1.64,0.52,1.05,0.94,0.62,1.5,0.34,2.22,0.17,3.05,0.07,3.95
29,50.17,5.21,0.01,4.23,0.05,3.3,0.12,2.45,0.27,1.72,0.54,1.12,0.94,0.68,1.5,0.38,2.2,0.2,3.02,0.08,3.91
28,50.19,5.2,0.02,4.22,0.03,3.29,0.09,2.42,0.23,1.67,0.48,1.06,0.88,0.62,1.43,0.33,2.14,0.16,2.97,0.06,3.88
27,50.4,5.42,0.01,4.43,0.03,3.48,0.08,2.6,0.2,1.83,0.43,1.21,0.8,0.72,1.32,0.4,2.0,0.2,2.8,0.08,3.69
26,50.26,5.27,0.02,4.3,0.04,3.36,0.1,2.5,0.24,1.75,0.49,1.15,0.89,0.69,1.43,0.38,2.12,0.19,2.93,0.09,3.83
25,50.16,5.18,0.01,4.19,0.03,3.25,0.1,2.39,0.23,1.64,0.48,1.05,0.89,0.62,1.45,0.32,2.17,0.16,3.0,0.07,3.91
24,50.06,5.07,0.02,4.09,0.03,3.16,0.09,2.29,0.23,1.55,0.49,0.98,0.92,0.55,1.49,0.28,2.22,0.13,3.07,0.05,3.99
23,49.95,4.97,0.02,3.99,0.04,3.07,0.12,2.23,0.28,1.51,0.56,0.95,0.99,0.54,1.59,0.28,2.33,0.13,3.18,0.06,4.11
22,49.86,4.87,0.02,3.91,0.05,3.0,0.14,2.17,0.31,1.47,0.61,0.92,1.07,0.53,1.67,0.28,2.42,0.14,3.28,0.06,4.2
21,49.75,4.78,0.02,3.81,0.06,2.9,0.14,2.08,0.33,1.39,0.64,0.87,1.11,0.49,1.73,0.25,2.5,0.12,3.37,0.05,4.3
20,49.89,4.9,0.02,3.93,0.04,2.99,0.1,2.15,0.26,1.43,0.54,0.87,0.98,0.48,1.59,0.24,2.35,0.11,3.22,0.04,4.15
19,49.7,4.72,0.02,3.74,0.04,2.82,0.11,1.98,0.28,1.28,0.58,0.76,1.06,0.4,1.7,0.19,2.49,0.08,3.38,0.03,4.33
18,49.78,4.77,0.02,3.79,0.03,2.85,0.08,1.99,0.23,1.27,0.51,0.73,0.97,0.37,1.61,0.17,2.4,0.07,3.3,0.02,4.26
17,49.97,4.97,0.02,3.98,0.02,3.04,0.08,2.17,0.21,1.43,0.47,0.85,0.89,0.46,1.5,0.22,2.26,0.09,3.13,0.03,4.08
16,49.99,4.99,0.02,4.01,0.03,3.08,0.09,2.21,0.23,1.48,0.49,0.9,0.92,0.5,1.51,0.25,2.26,0.11,3.13,0.04,4.06
15,50.05,5.07,0.02,4.07,0.02,3.12,0.07,2.24,0.19,1.49,0.43,0.9,0.84,0.48,1.43,0.23,2.18,0.1,3.05,0.04,3.98
14,50.24,5.24,0.02,4.26,0.02,3.3,0.06,2.41,0.17,1.63,0.39,1.01,0.78,0.57,1.33,0.28,2.04,0.13,2.89,0.05,3.81
13,50.24,5.25,0.01,4.25,0.02,3.28,0.04,2.37,0.13,1.57,0.32,0.93,0.7,0.49,1.24,0.22,1.98,0.09,2.84,0.02,3.79
12,50.15,5.15,0.02,4.17,0.02,3.21,0.07,2.33,0.18,1.56,0.41,0.95,0.8,0.52,1.37,0.26,2.11,0.11,2.96,0.04,3.89
11,50.09,5.11,0.01,4.11,0.02,3.17,0.08,2.29,0.2,1.54,0.45,0.94,0.85,0.52,1.43,0.26,2.17,0.12,3.03,0.04,3.96
10,50.05,5.06,0.02,4.07,0.02,3.13,0.08,2.26,0.21,1.51,0.46,0.92,0.87,0.51,1.46,0.25,2.2,0.11,3.06,0.04,3.99
9,50.06,5.08,0.02,4.09,0.03,3.16,0.09,2.3,0.23,1.55,0.49,0.97,0.91,0.55,1.49,0.28,2.22,0.13,3.07,0.06,3.99
8,50.23,5.24,0.02,4.26,0.03,3.32,0.09,2.45,0.22,1.7,0.47,1.09,0.86,0.64,1.41,0.35,2.12,0.17,2.94,0.08,3.85
7,50.11,5.13,0.02,4.15,0.04,3.21,0.1,2.36,0.25,1.62,0.51,1.03,0.92,0.6,1.49,0.32,2.21,0.15,3.04,0.07,3.96
6,50.25,5.26,0.02,4.29,0.05,3.37,0.12,2.51,0.27,1.77,0.52,1.17,0.92,0.72,1.47,0.41,2.16,0.21,2.97,0.1,3.86
5,50.12,5.14,0.01,4.16,0.04,3.23,0.11,2.38,0.26,1.64,0.53,1.06,0.94,0.63,1.51,0.34,2.23,0.17,3.05,0.07,3.97
4,50.1,5.11,0.02,4.13,0.04,3.2,0.1,2.34,0.24,1.6,0.5,1.01,0.92,0.59,1.49,0.31,2.21,0.15,3.05,0.06,3.97
3,50.03,5.07,0.01,4.1,0.06,3.19,0.16,2.37,0.33,1.66,0.62,1.09,1.05,0.67,1.63,0.38,2.34,0.2,3.17,0.09,4.06
2,49.97,5.01,0.04,4.07,0.1,3.19,0.21,2.39,0.42,1.7,0.73,1.15,1.18,0.73,1.76,0.44,2.47,0.25,3.27,0.13,4.16
1,50.0,5.04,0.04,4.09,0.09,3.2,0.2,2.4,0.4,1.71,0.71,1.15,1.15,0.73,1.73,0.44,2.44,0.24,3.24,0.13,4.13
